Household_Index,First_Name,Last_Name,Full_Name,Guest_Of,Relationship,Side,Email,Phone,Address,RSVP_Maheks_Vidhi_and_Haaldi,RSVP_Saumyas_Vidhi_and_Haaldi,RSVP_Wedding,RSVP_Reception,Events_Invited
0,Sanket,Acharya,Sanket Acharya,,Saumya's Family Friend,Bride,,,,,,,,"Saumya's Vidhi & Haaldi, Wedding, Reception"
0,Bhagyashree,Acharya,Bhagyashree Acharya,Sanket Acharya,Saumya's Family Friend,Bride,,,,,,,,"Saumya's Vidhi & Haaldi, Wedding, Reception"
1,Vallabhdas,Acharya,Vallabhdas Acharya,,Saumya's Family Friend,Bride,,,,,,,,"Saumya's Vidhi & Haaldi, Wedding"
1,Kishanpyari,Acharya,Kishanpyari Acharya,Vallabhdas Acharya,Saumya's Family Friend,Bride,,,,,,,,"Saumya's Vidhi & Haaldi, Wedding"
2,Darshana,Adatiya,Darshana Adatiya,,Saumya's Family,Bride,darshana1dipak@gmail.com,(440) 463-4902,,,,,,"Saumya's Vidhi & Haaldi, Wedding, Reception"
2,Dipak,Adatiya,Dipak Adatiya,Darshana Adatiya,Saumya's Family,Bride,darshana1dipak@gmail.com,(440) 463-4902,,,,,,"Saumya's Vidhi & Haaldi, Wedding, Reception"
3,Keertan,Akshar,Keertan Akshar,,Mahek's Friend,Groom,keertanakshar@gmail.com,(706) 307-0708,"15 Brookside Way Nw, Cartersville, Georgia 30121",,,,,"Mahek’s Vidhi & Haaldi, Wedding, Reception"
3,Carina,Akshar,Carina Akshar,Keertan Akshar,Mahek's Friend,Groom,keertanakshar@gmail.com,(706) 307-0708,"15 Brookside Way Nw, Cartersville, Georgia 30121",,,,,"Mahek’s Vidhi & Haaldi, Wedding, Reception"
4,Steve,Aldridge,Steve Aldridge,,Mahek's Friend,Groom,aldridge.steven.72@gmail.com,(954) 995-1222,"520 SW Dailey Ave, Port St Lucie, Florida 34953",,,,,"Mahek’s Vidhi & Haaldi, Wedding, Reception"
4,Brie,Aldridge,Brie Aldridge,Steve Aldridge,Mahek's Friend,Groom,aldridge.steven.72@gmail.com,(954) 995-1222,"520 SW Dailey Ave, Port St Lucie, Florida 34953",,,,,"Mahek’s Vidhi & Haaldi, Wedding, Reception"
5,Pherin,Alexander,Pherin Alexander,,Saumya's Friend,Bride,Pherina.92@gmail.com,(804) 615-7458,"Norfolk, Virginia",,,,,"Saumya's Vidhi & Haaldi, Wedding, Reception"
5,Dijon,Cuffee,Dijon Cuffee,Pherin Alexander,Saumya's Friend,Bride,Pherina.92@gmail.com,(804) 615-7458,"Norfolk, Virginia",,,,,"Saumya's Vidhi & Haaldi, Wedding, Reception"
6,Bianka,Amin,Bianka Amin,,Mahek's Friend,Groom,Biankaamin96@gmail.com,(410) 812-9733,"6239 Heather Glen Way, Clarksville, Maryland 21029",,,,,"Mahek’s Vidhi & Haaldi, Wedding, Reception"
6,Darshan,Amin,Darshan Amin,Bianka Amin,Mahek's Friend,Groom,Biankaamin96@gmail.com,(410) 812-9733,"6239 Heather Glen Way, Clarksville, Maryland 21029",,,,,"Mahek’s Vidhi & Haaldi, Wedding, Reception"
7,Chirag,Amin,Chirag Amin,,Saumya's Family Friend,Bride,,,"Yorktown, Virginia",,,,,"Saumya's Vidhi & Haaldi, Wedding, Reception"
7,Smitaben,Amin,Smitaben Amin,Chirag Amin,Saumya's Family Friend,Bride,,,"Yorktown, Virginia",,,,,"Saumya's Vidhi & Haaldi, Wedding, Reception"
8,Jatin,Amin,Jatin Amin,,Saumya's Family Friend,Bride,,,"Yorktown, Virginia",,,,,"Saumya's Vidhi & Haaldi, Wedding"
8,Pravinaben,Amin,Pravinaben Amin,Jatin Amin,Saumya's Family Friend,Bride,,,"Yorktown, Virginia",,,,,"Saumya's Vidhi & Haaldi, Wedding"
9,Neil,Amin,Neil Amin,,Mahek's Friend,Groom,neilamin24@gmail.com,(410) 926-0104,"6239 Heather Glen Way, Clarksville, Maryland 21029",,,,,"Mahek’s Vidhi & Haaldi, Wedding, Reception"
10,Shermistha,Amin,Shermistha Amin,,Saumya's Family Friend,Bride,,,"suffolk, Virginia",,,,,Saumya's Vidhi & Haaldi
11,Parth,Bhatt,Parth Bhatt,,Saumya's Family Friend,Bride,,,,,,,,"Saumya's Vidhi & Haaldi, Wedding, Reception"
11,Seema,Naik,Seema Naik,Parth Bhatt,Saumya's Family Friend,Bride,,,,,,,,"Saumya's Vidhi & Haaldi, Wedding, Reception"
12,Disha,Brahmbhatt,Disha Brahmbhatt,,Saumya's Friend,Bride,,,,,,,,"Saumya's Vidhi & Haaldi, Wedding, Reception"
12,Nirav,Brahmbhatt,Nirav Brahmbhatt,Disha Brahmbhatt,Saumya's Friend,Bride,,,,,,,,"Saumya's Vidhi & Haaldi, Wedding, Reception"
13,Kalpesh,Brahmbhatt,Kalpesh Brahmbhatt,,Saumya's Family Friend,Bride,,,"Newport News, Virginia",,,,,"Saumya's Vidhi & Haaldi, Wedding, Reception"
13,Meghanaben,Brahmbhatt,Meghanaben Brahmbhatt,Kalpesh Brahmbhatt,Saumya's Family Friend,Bride,,,"Newport News, Virginia",,,,,"Saumya's Vidhi & Haaldi, Wedding, Reception"
14,Kamlesh,Brahmbhatt,Kamlesh Brahmbhatt,,Saumya's Family Friend,Bride,kamlesh1012@msn.com,(757) 537-1779,"Chesapeake, Virginia",,,,,"Saumya's Vidhi & Haaldi, Wedding, Reception"
14,Sonalben,Brahmbhatt,Sonalben Brahmbhatt,Kamlesh Brahmbhatt,Saumya's Family Friend,Bride,kamlesh1012@msn.com,(757) 537-1779,"Chesapeake, Virginia",,,,,"Saumya's Vidhi & Haaldi, Wedding, Reception"
15,Milan,Brahmbhatt,Milan Brahmbhatt,,Saumya's Family Friend,Bride,,,,,,,,"Saumya's Vidhi & Haaldi, Wedding"
15,Rashmi,Brahmbhatt,Rashmi Brahmbhatt,Milan Brahmbhatt,Saumya's Family Friend,Bride,,,,,,,,"Saumya's Vidhi & Haaldi, Wedding"
16,Sunny,Brahmbhatt,Sunny Brahmbhatt,,Saumya's Friend,Bride,sbrahmbhatt29@gmail.com,(757) 291-2192,,,,,,"Saumya's Vidhi & Haaldi, Wedding, Reception"
16,Ghata,Brahmbhatt,Ghata Brahmbhatt,Sunny Brahmbhatt,Saumya's Friend,Bride,sbrahmbhatt29@gmail.com,(757) 291-2192,,,,,,"Saumya's Vidhi & Haaldi, Wedding, Reception"
17,Clara,Brooks,Clara Brooks,,Mahek's Friend,Groom,Mebrookie44@aol.com,(917) 796-0592,"14007 Bordley Place, Huntersville, North Carolina 28078",,,,,"Mahek’s Vidhi & Haaldi, Wedding, Reception"
17,Shawn,Carter,Shawn Carter,Clara Brooks,Mahek's Friend,Groom,Mebrookie44@aol.com,(917) 796-0592,"14007 Bordley Place, Huntersville, North Carolina 28078",,,,,"Mahek’s Vidhi & Haaldi, Wedding, Reception"
18,Michelle,Burnette,Michelle Burnette,,Saumya's Friend,Bride,michelleburnettevb@gmail.com,,,,,,,"Saumya's Vidhi & Haaldi, Wedding, Reception"
19,Jemi,Chaffin,Jemi Chaffin,,Saumya's Friend,Bride,jemilah_p1977@yahoo.com,,"Suffolk, Virginia",,,,,"Saumya's Vidhi & Haaldi, Wedding"
20,Leah,Condotta,Leah Condotta,,Saumya's Friend,Bride,,(757) 334-0510,,,,,,"Saumya's Vidhi & Haaldi, Wedding, Reception"
20,Ryan,Condotta,Ryan Condotta,Leah Condotta,Saumya's Friend,Bride,,(757) 334-0510,,,,,,"Saumya's Vidhi & Haaldi, Wedding, Reception"
21,Nelson,Delacruz,Nelson Delacruz,,Saumya's Friend,Bride,nelsoncdelacruz@yahoo.com,,,,,,,"Saumya's Vidhi & Haaldi, Wedding, Reception"
22,Bhakti,Desai,Bhakti Desai,,Saumya's Friend,Bride,bhakti4swami@gmail.com,(757) 753-6736,,,,,,"Saumya's Vidhi & Haaldi, Wedding, Reception"
22,Kirtan,Vaghela,Kirtan Vaghela,Bhakti Desai,Saumya's Friend,Bride,bhakti4swami@gmail.com,(757) 753-6736,,,,,,"Saumya's Vidhi & Haaldi, Wedding, Reception"
23,Pathik,Desai,Pathik Desai,,Mahek's Friend,Groom,pdesai2216@gmail.com,(704) 860-2169,"10941 Kilkenny Drive, Matthews, North Carolina 28105",,,,,"Mahek’s Vidhi & Haaldi, Wedding, Reception"
23,Shejal,Desai,Shejal Desai,Pathik Desai,Mahek's Friend,Groom,pdesai2216@gmail.com,(704) 860-2169,"10941 Kilkenny Drive, Matthews, North Carolina 28105",,,,,"Mahek’s Vidhi & Haaldi, Wedding, Reception"
24,Anisha,Fillipi,Anisha Fillipi,,Saumya's Friend,Bride,Anisha.filippi@gmail.com,(914) 882-2026,,,,,,"Saumya's Vidhi & Haaldi, Wedding, Reception"
24,Mark,Fillipi,Mark Fillipi,Anisha Fillipi,Saumya's Friend,Bride,Anisha.filippi@gmail.com,(914) 882-2026,,,,,,"Saumya's Vidhi & Haaldi, Wedding, Reception"
25,Jada,Fowler,Jada Fowler,,Saumya's Friend,Bride,jadaboo1996@yahoo.com,,"Suffolk, Virginia",,,,,"Saumya's Vidhi & Haaldi, Wedding, Reception"
26,Niraj,Gajjar,Niraj Gajjar,,Saumya's Family,Bride,,,,,,,,"Saumya's Vidhi & Haaldi, Wedding, Reception"
26,Yamini,Gajjar,Yamini Gajjar,Niraj Gajjar,Saumya's Family,Bride,,,,,,,,"Saumya's Vidhi & Haaldi, Wedding, Reception"
27,Vinit,Ghotane,Vinit Ghotane,,Saumya's Family Friend,Bride,vinit_ghotane@yahoo.com,,"Chesapeake, Virginia",,,,,"Saumya's Vidhi & Haaldi, Wedding, Reception"
27,Amitaben,Ghotane,Amitaben Ghotane,Vinit Ghotane,Saumya's Family Friend,Bride,vinit_ghotane@yahoo.com,,"Chesapeake, Virginia",,,,,"Saumya's Vidhi & Haaldi, Wedding, Reception"
28,Amit,Govindji,Amit Govindji,,Mahek's Friend,Groom,amit.govindji@gmail.com,(704) 661-5796,"14114 Promenade Dr, Huntersville, North Carolina 28078",,,,,"Mahek’s Vidhi & Haaldi, Wedding, Reception"
28,Payal,Govindji,Payal Govindji,Amit Govindji,Mahek's Friend,Groom,amit.govindji@gmail.com,(704) 661-5796,"14114 Promenade Dr, Huntersville, North Carolina 28078",,,,,"Mahek’s Vidhi & Haaldi, Wedding, Reception"
29,Helen,Heckstall,Helen Heckstall,,Saumya's Friend,Bride,,,"Suffolk, Virginia",,,,,"Saumya's Vidhi & Haaldi, Wedding"
30,Dipak,Kanani,Dipak Kanani,,Saumya's Family,Bride,kananid249@gmail.com,,Canada,,,,,"Saumya's Vidhi & Haaldi, Wedding, Reception"
30,Hiral,Kanani,Hiral Kanani,Dipak Kanani,Saumya's Family,Bride,kananid249@gmail.com,,Canada,,,,,"Saumya's Vidhi & Haaldi, Wedding, Reception"
31,Raj,Kathwadia,Raj Kathwadia,,Mahek's Friend,Groom,Rkathwadia1@gmail.com,(704) 985-5800,"11802 Carolina Blossom Lane, Pineville, North Carolina 28134",,,,,"Mahek’s Vidhi & Haaldi, Wedding, Reception"
31,Kriya,Kathwadia,Kriya Kathwadia,Raj Kathwadia,Mahek's Friend,Groom,Rkathwadia1@gmail.com,(704) 985-5800,"11802 Carolina Blossom Lane, Pineville, North Carolina 28134",,,,,"Mahek’s Vidhi & Haaldi, Wedding, Reception"
32,Akki,King,Akki King,,Saumya's Wedding Party,Bride,akkiarj@gmail.com,(908) 922-0044,,,,,,"Saumya's Vidhi & Haaldi, Wedding, Reception"
32,Oliver,King,Oliver King,Akki King,Saumya's Wedding Party,Bride,akkiarj@gmail.com,(908) 922-0044,,,,,,"Saumya's Vidhi & Haaldi, Wedding, Reception"
33,Kisha,King,Kisha King,,Saumya's Friend,Bride,kingkd2005@gmail.com,(757) 692-1991,,,,,,"Saumya's Vidhi & Haaldi, Wedding, Reception"
33,Martin,King,Martin King,Kisha King,Saumya's Friend,Bride,kingkd2005@gmail.com,(757) 692-1991,,,,,,"Saumya's Vidhi & Haaldi, Wedding, Reception"
34,Deep,Kirat Patel,Deep Kirat Patel,,Mahek's Wedding Party,Groom,deep9062@gmail.com,(828) 238-2711,"171 Irene Ct, Colonia, New Jersey 07067",,,,,"Mahek’s Vidhi & Haaldi, Wedding, Reception"
34,Hiral,Patel,Hiral Patel,Deep Kirat Patel,Mahek's Wedding Party,Groom,deep9062@gmail.com,(828) 238-2711,"171 Irene Ct, Colonia, New Jersey 07067",,,,,"Mahek’s Vidhi & Haaldi, Wedding, Reception"
35,Akash,Lavani,Akash Lavani,,Mahek's Friend,Groom,akashlavani@gmail.com,(856) 520-5008,"47 Delano St, Iselin, New Jersey 08830",,,,,"Mahek’s Vidhi & Haaldi, Wedding, Reception"
36,Megha,Makwana,Megha Makwana,,Mahek's Family,Groom,,(614) 364-6799,"2085 Broccoli Dr, Hilliard, Ohio 43026",,,,,"Mahek’s Vidhi & Haaldi, Wedding, Reception"
36,Yashvi,Makwana,Yashvi Makwana,Megha Makwana,Mahek's Family,Groom,,(614) 364-6799,"2085 Broccoli Dr, Hilliard, Ohio 43026",,,,,"Mahek’s Vidhi & Haaldi, Wedding, Reception"
37,Dhananjay,Mazumder,Dhananjay Mazumder,,Saumya's Family,Bride,,,,,,,,"Saumya's Vidhi & Haaldi, Wedding, Reception"
37,Jayshree,Mazumder,Jayshree Mazumder,Dhananjay Mazumder,Saumya's Family,Bride,,,,,,,,"Saumya's Vidhi & Haaldi, Wedding, Reception"
38,Joy,Mazumder,Joy Mazumder,,Saumya's Family,Bride,,,,,,,,"Saumya's Vidhi & Haaldi, Wedding, Reception"
38,Rashmi,Mazumder,Rashmi Mazumder,Joy Mazumder,Saumya's Family,Bride,,,,,,,,"Saumya's Vidhi & Haaldi, Wedding, Reception"
39,Tushar,Mehta,Tushar Mehta,,Saumya's Family Friend,Bride,,,"Virginia Beach, Virginia",,,,,"Saumya's Vidhi & Haaldi, Wedding, Reception"
39,Jasmin,Mehta,Jasmin Mehta,Tushar Mehta,Saumya's Family Friend,Bride,,,"Virginia Beach, Virginia",,,,,"Saumya's Vidhi & Haaldi, Wedding, Reception"
40,Nir,Mistry,Nir Mistry,,Mahek's Friend,Groom,mistrypandt@gmail.com,(980) 254-3640,"400 E Brooklyn Village Ave, Unit 766, Charlotte, North Carolina 28202",,,,,"Mahek’s Vidhi & Haaldi, Wedding, Reception"
40,Arti,Mistry,Arti Mistry,Nir Mistry,Mahek's Friend,Groom,mistrypandt@gmail.com,(980) 254-3640,"400 E Brooklyn Village Ave, Unit 766, Charlotte, North Carolina 28202",,,,,"Mahek’s Vidhi & Haaldi, Wedding, Reception"
41,Rushil,Mistry,Rushil Mistry,,Mahek's Friend,Groom,rushilmistry99@gmail.com,(832) 490-9935,"510 Perrineville Rd, Hightstown, New Jersey 08520",,,,,"Mahek’s Vidhi & Haaldi, Wedding, Reception"
42,Shiv,Mukhi Patel,Shiv Mukhi Patel,,Mahek's Friend,Groom,smpatel980@gmail.com,(980) 428-2899,"298 Mulberry Street, Apt # 4B, New York, New York 10012",,,,,"Mahek’s Vidhi & Haaldi, Wedding, Reception"
43,Amit,Naik,Amit Naik,,Saumya's Family Friend,Bride,naikamitn@gmail.com,(757) 358-4155,"Newport News, Virginia",,,,,"Saumya's Vidhi & Haaldi, Wedding, Reception"
43,Zalak,Desai,Zalak Desai,Amit Naik,Saumya's Family Friend,Bride,naikamitn@gmail.com,(757) 358-4155,"Newport News, Virginia",,,,,"Saumya's Vidhi & Haaldi, Wedding, Reception"
44,Naresh,Naik,Naresh Naik,,Saumya's Family Friend,Bride,nareshnaik007@gmail.com,(757) 300-9897,"Newport News, Virginia",,,,,"Saumya's Vidhi & Haaldi, Wedding, Reception"
44,Kalpana,Naik,Kalpana Naik,Naresh Naik,Saumya's Family Friend,Bride,nareshnaik007@gmail.com,(757) 300-9897,"Newport News, Virginia",,,,,"Saumya's Vidhi & Haaldi, Wedding, Reception"
45,Nirmal,Naik,Nirmal Naik,,Saumya's Family Friend,Bride,,,Virginia,,,,,"Saumya's Vidhi & Haaldi, Wedding"
46,Helen,P.,Helen P.,,Saumya's Family Friend,Bride,,,,,,,,Wedding
47,Chahna,Parikh,Chahna Parikh,,Saumya's Wedding Party,Bride,cparikh2003@gmail.com,(757) 952-9375,,,,,,"Saumya's Vidhi & Haaldi, Wedding, Reception"
47,Krishna,Parikh,Krishna Parikh,Chahna Parikh,Saumya's Wedding Party,Bride,cparikh2003@gmail.com,(757) 952-9375,,,,,,"Saumya's Vidhi & Haaldi, Wedding, Reception"
48,Meghavi,Parikh,Meghavi Parikh,,Saumya's Family,Bride,,,Georgia,,,,,"Saumya's Vidhi & Haaldi, Wedding, Reception"
48,Dharmen,Parikh,Dharmen Parikh,Meghavi Parikh,Saumya's Family,Bride,,,Georgia,,,,,"Saumya's Vidhi & Haaldi, Wedding, Reception"
49,Pragnesh,Parikh,Pragnesh Parikh,,Saumya's Family Friend,Bride,,,,,,,,Wedding
49,Deepali,Parikh,Deepali Parikh,Pragnesh Parikh,Saumya's Family Friend,Bride,,,,,,,,Wedding
50,Vinod,Parmar,Vinod Parmar,,Saumya's Family Friend,Bride,,,North Carolina,,,,,"Saumya's Vidhi & Haaldi, Wedding, Reception"
50,Sonalben,Parmar,Sonalben Parmar,Vinod Parmar,Saumya's Family Friend,Bride,,,North Carolina,,,,,"Saumya's Vidhi & Haaldi, Wedding, Reception"
51,Vishal,Parmar,Vishal Parmar,,Mahek's Friend,Groom,vishal.parmar26@gmail.com,(704) 661-9389,"913 Hidden Pond Ln, Waxhaw, North Carolina 28173",,,,,"Mahek’s Vidhi & Haaldi, Wedding, Reception"
51,Krishna,Parmar,Krishna Parmar,Vishal Parmar,Mahek's Friend,Groom,vishal.parmar26@gmail.com,(704) 661-9389,"913 Hidden Pond Ln, Waxhaw, North Carolina 28173",,,,,"Mahek’s Vidhi & Haaldi, Wedding, Reception"
52,Aayush,Patel,Aayush Patel,,Saumya's Family Friend,Bride,aayush_patel3110@outlook.com,,Canada,,,,,"Saumya's Vidhi & Haaldi, Wedding, Reception"
53,Aishani,Patel,Aishani Patel,,Saumya's Wedding Party,Bride,aishani.patel11@gmail.com,(848) 252-1703,,,,,,"Saumya's Vidhi & Haaldi, Wedding, Reception"
53,Ravi,Ray,Ravi Ray,Aishani Patel,Saumya's Wedding Party,Bride,aishani.patel11@gmail.com,(848) 252-1703,,,,,,"Saumya's Vidhi & Haaldi, Wedding, Reception"
54,Ajay,Patel,Ajay Patel,,Saumya's Family Friend,Bride,1313ajaypatel@gmail.com,(757) 593-7433,"Chesapeake, Virginia",,,,,"Saumya's Vidhi & Haaldi, Wedding, Reception"
54,Nileema,Patel,Nileema Patel,Ajay Patel,Saumya's Family Friend,Bride,1313ajaypatel@gmail.com,(757) 593-7433,"Chesapeake, Virginia",,,,,"Saumya's Vidhi & Haaldi, Wedding, Reception"
55,Akash,Patel,Akash Patel,,Saumya's Family,Bride,akash0007@gmail.com,(978) 727-6449,"255 North Rd, Chelmsford, Massachusetts 01824",,,,,"Saumya's Vidhi & Haaldi, Wedding, Reception"
55,Sonal,Mazumder,Sonal Mazumder,Akash Patel,Saumya's Family,Bride,akash0007@gmail.com,(978) 727-6449,"255 North Rd, Chelmsford, Massachusetts 01824",,,,,"Saumya's Vidhi & Haaldi, Wedding, Reception"
56,Akash,Patel,Akash Patel,,Mahek's Friend,Groom,Vandana9585@yahoo.com,(704) 244-1175,"19 Aspen Court, Hamilton, New Jersey 08619",,,,,"Mahek’s Vidhi & Haaldi, Wedding, Reception"
56,Vandana,Patel,Vandana Patel,Akash Patel,Mahek's Friend,Groom,Vandana9585@yahoo.com,(704) 244-1175,"19 Aspen Court, Hamilton, New Jersey 08619",,,,,"Mahek’s Vidhi & Haaldi, Wedding, Reception"
57,Akash,Patel,Akash Patel,,Mahek's Friend,Groom,akash110292@yahoo.com,(912) 433-1707,"706 Wyndham Way, Pooler, Georgia 31322",,,,,"Mahek’s Vidhi & Haaldi, Wedding, Reception"
58,Akshar,Patel,Akshar Patel,,Mahek's Friend,Groom,kpatel1793@gmail.com,(704) 907-7349,"5024 Flowering Peach Rd, Marvin, North Carolina 28173",,,,,"Mahek’s Vidhi & Haaldi, Wedding, Reception"
58,Krupa,Patel,Krupa Patel,Akshar Patel,Mahek's Friend,Groom,kpatel1793@gmail.com,(704) 907-7349,"5024 Flowering Peach Rd, Marvin, North Carolina 28173",,,,,"Mahek’s Vidhi & Haaldi, Wedding, Reception"
59,Alpesh,Patel,Alpesh Patel,,Mahek's Friend,Groom,alkp78@gmail.com,(704) 299-6297,,,,,,"Mahek’s Vidhi & Haaldi, Wedding, Reception"
59,Dhwani,Mehta,Dhwani Mehta,Alpesh Patel,Mahek's Friend,Groom,alkp78@gmail.com,(704) 299-6297,,,,,,"Mahek’s Vidhi & Haaldi, Wedding, Reception"
60,Amal,Patel,Amal Patel,,Saumya's Family,Bride,,,,,,,,"Saumya's Vidhi & Haaldi, Wedding, Reception"
60,Ami,Patel,Ami Patel,Amal Patel,Saumya's Family,Bride,,,,,,,,"Saumya's Vidhi & Haaldi, Wedding, Reception"
61,Ambubhai,Patel,Ambubhai Patel,,Saumya's Family Friend,Bride,,,"Chesapeake, Virginia",,,,,"Saumya's Vidhi & Haaldi, Wedding, Reception"
61,Ranjanaben,Patel,Ranjanaben Patel,Ambubhai Patel,Saumya's Family Friend,Bride,,,"Chesapeake, Virginia",,,,,"Saumya's Vidhi & Haaldi, Wedding, Reception"
62,Ami,Patel,Ami Patel,,Saumya's Family Friend,Bride,amipatel75@icloud.com,,,,,,,"Saumya's Vidhi & Haaldi, Wedding, Reception"
62,Devindraben,Patel,Devindraben Patel,Ami Patel,Saumya's Family Friend,Bride,amipatel75@icloud.com,,,,,,,"Saumya's Vidhi & Haaldi, Wedding, Reception"
63,Amrish,Patel,Amrish Patel,,Saumya's Family,Bride,,,,,,,,"Saumya's Vidhi & Haaldi, Wedding, Reception"
63,Namrata,Patel,Namrata Patel,Amrish Patel,Saumya's Family,Bride,,,,,,,,"Saumya's Vidhi & Haaldi, Wedding, Reception"
64,Anand,Patel,Anand Patel,,Mahek's Friend,Groom,a_patel97@yahoo.com,(630) 800-8522,"1746 Brian Grant Court, Downers Grove, Illinois 60516",,,,,"Mahek’s Vidhi & Haaldi, Wedding, Reception"
65,Anil,Patel,Anil Patel,,Mahek's Family Friend,Groom,,(704) 877-4066,,,,,,"Mahek’s Vidhi & Haaldi, Wedding"
65,Mamta,Patel,Mamta Patel,Anil Patel,Mahek's Family Friend,Groom,,(704) 877-4066,,,,,,"Mahek’s Vidhi & Haaldi, Wedding"
66,Anjali,Patel,Anjali Patel,,Mahek's Friend,Groom,anjip611@gmail.com,(201) 937-0605,"136 Pergola Ave, Monroe Township, New Jersey 08831",,,,,"Mahek’s Vidhi & Haaldi, Wedding, Reception"
66,Avi,Shah,Avi Shah,Anjali Patel,Mahek's Friend,Groom,anjip611@gmail.com,(201) 937-0605,"136 Pergola Ave, Monroe Township, New Jersey 08831",,,,,"Mahek’s Vidhi & Haaldi, Wedding, Reception"
67,Ankit,Patel,Ankit Patel,,Saumya's Family,Bride,,,,,,,,"Saumya's Vidhi & Haaldi, Wedding, Reception"
67,Hardi,Patel,Hardi Patel,Ankit Patel,Saumya's Family,Bride,,,,,,,,"Saumya's Vidhi & Haaldi, Wedding, Reception"
68,Ankit,Patel,Ankit Patel,,Mahek's Friend,Groom,Ankitp17@outlook.com,(704) 651-9299,"700 Lexington Dr, Albemarle, North Carolina 28001",,,,,"Mahek’s Vidhi & Haaldi, Wedding, Reception"
69,Ankur,Patel,Ankur Patel,,Mahek's Friend,Groom,Serena.ankur@gmail.com,(704) 890-5202,"5211 Pacific Concourse Dr, Apt 1215, Los Angeles, California 90045",,,,,"Mahek’s Vidhi & Haaldi, Wedding, Reception"
69,Sarena,Patel,Sarena Patel,Ankur Patel,Mahek's Friend,Groom,Serena.ankur@gmail.com,(704) 890-5202,"5211 Pacific Concourse Dr, Apt 1215, Los Angeles, California 90045",,,,,"Mahek’s Vidhi & Haaldi, Wedding, Reception"
70,Apurva,Patel,Apurva Patel,,Mahek's Friend,Groom,patelapurva100@gmail.com,(919) 638-6264,"180 10Th St Ne, Apt 114, Atlanta, Georgia 30309",,,,,"Mahek’s Vidhi & Haaldi, Wedding, Reception"
70,Sonali,Patel,Sonali Patel,Apurva Patel,Mahek's Friend,Groom,patelapurva100@gmail.com,(919) 638-6264,"180 10Th St Ne, Apt 114, Atlanta, Georgia 30309",,,,,"Mahek’s Vidhi & Haaldi, Wedding, Reception"
71,Arti,Patel,Arti Patel,,Mahek's Family Friend,Groom,,(803) 372-7798,,,,,,"Mahek’s Vidhi & Haaldi, Wedding"
71,Arti,Guest 1 Patel,Arti Guest 1 Patel,Arti Patel,Mahek's Family Friend,Groom,,(803) 372-7798,,,,,,"Mahek’s Vidhi & Haaldi, Wedding"
72,Arun,Patel,Arun Patel,,Saumya's Family Friend,Bride,,,New Jersey,,,,,"Saumya's Vidhi & Haaldi, Wedding"
72,Panna,Patel,Panna Patel,Arun Patel,Saumya's Family Friend,Bride,,,New Jersey,,,,,"Saumya's Vidhi & Haaldi, Wedding"
73,Ashish,Patel,Ashish Patel,,Saumya's Family Friend,Bride,patelashish1978@gmail.com,,"Yorktown, Virginia",,,,,Saumya's Vidhi & Haaldi
73,Vaishali,Patel,Vaishali Patel,Ashish Patel,Saumya's Family Friend,Bride,patelashish1978@gmail.com,,"Yorktown, Virginia",,,,,Saumya's Vidhi & Haaldi
74,Ashok,Patel,Ashok Patel,,Saumya's Family Friend,Bride,,,"Hampton, Virginia",,,,,"Saumya's Vidhi & Haaldi, Wedding"
74,Sulochana,Patel,Sulochana Patel,Ashok Patel,Saumya's Family Friend,Bride,,,"Hampton, Virginia",,,,,"Saumya's Vidhi & Haaldi, Wedding"
75,Ashok,Patel,Ashok Patel,,Saumya's Family Friend,Bride,,,"Chesapeake, Virginia",,,,,"Saumya's Vidhi & Haaldi, Wedding, Reception"
75,Smital,Patel,Smital Patel,Ashok Patel,Saumya's Family Friend,Bride,,,"Chesapeake, Virginia",,,,,"Saumya's Vidhi & Haaldi, Wedding, Reception"
76,Ashok,Patel,Ashok Patel,,Mahek's Family,Groom,Exxon186@gmail.com,,"184 Campbell Street, Prattville, Alabama 36066",,,,,"Mahek’s Vidhi & Haaldi, Wedding, Reception"
76,Indhira,Patel,Indhira Patel,Ashok Patel,Mahek's Family,Groom,Exxon186@gmail.com,,"184 Campbell Street, Prattville, Alabama 36066",,,,,"Mahek’s Vidhi & Haaldi, Wedding, Reception"
77,Ashwi,Patel,Ashwi Patel,,Mahek's Family,Groom,,,,,,,,"Mahek’s Vidhi & Haaldi, Wedding, Reception"
77,Khushi,Patel,Khushi Patel,Ashwi Patel,Mahek's Family,Groom,,,,,,,,"Mahek’s Vidhi & Haaldi, Wedding, Reception"
78,Asit,Patel,Asit Patel,,Mahek's Family Friend,Groom,,(704) 699-4284,,,,,,"Mahek’s Vidhi & Haaldi, Wedding"
78,Minal,Patel,Minal Patel,Asit Patel,Mahek's Family Friend,Groom,,(704) 699-4284,,,,,,"Mahek’s Vidhi & Haaldi, Wedding"
79,Atul,Patel,Atul Patel,,Saumya's Family,Bride,,,,,,,,"Saumya's Vidhi & Haaldi, Wedding, Reception"
79,Bharti,Patel,Bharti Patel,Atul Patel,Saumya's Family,Bride,,,,,,,,"Saumya's Vidhi & Haaldi, Wedding, Reception"
80,Atul,Patel,Atul Patel,,Mahek's Family,Groom,Kevpatel1994@gmail.com,(704) 756-9481,"14244 Canemeadow Dr, Charlotte, North Carolina 28278",,,,,"Mahek’s Vidhi & Haaldi, Wedding, Reception"
80,Karthika,Patel,Karthika Patel,Atul Patel,Mahek's Family,Groom,Kevpatel1994@gmail.com,(704) 756-9481,"14244 Canemeadow Dr, Charlotte, North Carolina 28278",,,,,"Mahek’s Vidhi & Haaldi, Wedding, Reception"
81,Atul,Patel,Atul Patel,,Mahek's Family Friend,Groom,abpatel2009@yahoo.com,(803) 804-8261,"1391 Charlotte Hwy, Lancaster, South Carolina 29720",,,,,"Mahek’s Vidhi & Haaldi, Wedding, Reception"
81,Shilpa,Patel,Shilpa Patel,Atul Patel,Mahek's Family Friend,Groom,abpatel2009@yahoo.com,(803) 804-8261,"1391 Charlotte Hwy, Lancaster, South Carolina 29720",,,,,"Mahek’s Vidhi & Haaldi, Wedding, Reception"
82,Avidhat,Patel,Avidhat Patel,,Mahek's Family,Groom,,(647) 718-1802,,,,,,"Mahek’s Vidhi & Haaldi, Wedding, Reception"
83,Babubhai,Patel,Babubhai Patel,,Saumya's Family,Bride,,,,,,,,"Saumya's Vidhi & Haaldi, Wedding, Reception"
83,Kantaben,Patel,Kantaben Patel,Babubhai Patel,Saumya's Family,Bride,,,,,,,,"Saumya's Vidhi & Haaldi, Wedding, Reception"
84,Badal,Patel,Badal Patel,,Mahek's Wedding Party,Groom,badal24patel@gmail.com,(910) 922-7801,"935 E Redoak St, Addison, Illinois 60101",,,,,"Mahek’s Vidhi & Haaldi, Wedding, Reception"
85,Baldevbhai,Patel,Baldevbhai Patel,,Saumya's Family Friend,Bride,,,"Chesapeake, Virginia",,,,,"Saumya's Vidhi & Haaldi, Wedding"
85,Pushpaben,Patel,Pushpaben Patel,Baldevbhai Patel,Saumya's Family Friend,Bride,,,"Chesapeake, Virginia",,,,,"Saumya's Vidhi & Haaldi, Wedding"
86,Bhaarat,Patel,Bhaarat Patel,,Mahek's Friend,Groom,bhaarat316@gmail.com,(267) 229-4779,"1335 Bradford Ln, Bensalem, Pennsylvania 19020",,,,,"Mahek’s Vidhi & Haaldi, Wedding, Reception"
87,Bharat,Patel,Bharat Patel,,Saumya's Family Friend,Bride,nilu2163@gmail.com,,"Williamsburg, Virginia",,,,,"Saumya's Vidhi & Haaldi, Wedding, Reception"
87,Nileema,Patel,Nileema Patel,Bharat Patel,Saumya's Family Friend,Bride,nilu2163@gmail.com,,"Williamsburg, Virginia",,,,,"Saumya's Vidhi & Haaldi, Wedding, Reception"
88,Bharat,Patel,Bharat Patel,,Saumya's Family Friend,Bride,Prem2097@gmail.com,,New Jersey,,,,,"Saumya's Vidhi & Haaldi, Wedding"
88,Sangita,Patel,Sangita Patel,Bharat Patel,Saumya's Family Friend,Bride,Prem2097@gmail.com,,New Jersey,,,,,"Saumya's Vidhi & Haaldi, Wedding"
89,Bhavesh,Patel,Bhavesh Patel,,Saumya's Family Friend,Bride,Baps23322@yahoo.com,(757) 339-1999,"Chesapeake, Virginia",,,,,"Saumya's Vidhi & Haaldi, Wedding, Reception"
89,Kalpana,Patel,Kalpana Patel,Bhavesh Patel,Saumya's Family Friend,Bride,Baps23322@yahoo.com,(757) 339-1999,"Chesapeake, Virginia",,,,,"Saumya's Vidhi & Haaldi, Wedding, Reception"
90,Bhavesh,Patel,Bhavesh Patel,,Saumya's Family Friend,Bride,,,"Chesapeake, Virginia",,,,,Saumya's Vidhi & Haaldi
90,Bhavnaben,Patel,Bhavnaben Patel,Bhavesh Patel,Saumya's Family Friend,Bride,,,"Chesapeake, Virginia",,,,,Saumya's Vidhi & Haaldi
91,Bhavesh,Patel,Bhavesh Patel,,Mahek's Family Friend,Groom,,(980) 298-4272,"4100 margaret wallace road, Matthews, North Carolina",,,,,"Mahek’s Vidhi & Haaldi, Wedding"
91,Keyuri,Patel,Keyuri Patel,Bhavesh Patel,Mahek's Family Friend,Groom,,(980) 298-4272,"4100 margaret wallace road, Matthews, North Carolina",,,,,"Mahek’s Vidhi & Haaldi, Wedding"
92,Bhavik,Patel,Bhavik Patel,,Saumya's Family,Bride,ERBHAVIK@GMAIL.COM,,,,,,,"Saumya's Vidhi & Haaldi, Wedding, Reception"
92,Hetal,Patel,Hetal Patel,Bhavik Patel,Saumya's Family,Bride,ERBHAVIK@GMAIL.COM,,,,,,,"Saumya's Vidhi & Haaldi, Wedding, Reception"
93,Bhavin,Patel,Bhavin Patel,,Saumya's Family Friend,Bride,,,Virginia,,,,,Saumya's Vidhi & Haaldi
93,Diptiben,Patel,Diptiben Patel,Bhavin Patel,Saumya's Family Friend,Bride,,,Virginia,,,,,Saumya's Vidhi & Haaldi
94,Bhavin,Patel,Bhavin Patel,,Saumya's Family Friend,Bride,,,,,,,,"Saumya's Vidhi & Haaldi, Wedding"
94,Bhranti,Patel,Bhranti Patel,Bhavin Patel,Saumya's Family Friend,Bride,,,,,,,,"Saumya's Vidhi & Haaldi, Wedding"
95,Bhavin,Patel,Bhavin Patel,,Mahek's Friend,Groom,b9patel@gmail.com,(803) 517-9935,"3519 Pleasant Rd, Fort Mill, South Carolina 29708",,,,,"Mahek’s Vidhi & Haaldi, Wedding, Reception"
95,Mital,Patel,Mital Patel,Bhavin Patel,Mahek's Friend,Groom,b9patel@gmail.com,(803) 517-9935,"3519 Pleasant Rd, Fort Mill, South Carolina 29708",,,,,"Mahek’s Vidhi & Haaldi, Wedding, Reception"
96,Bhowmik,Patel,Bhowmik Patel,,Mahek's Friend,Groom,bhowmikdave@gmail.com,(980) 253-5912,"2014 Arbor Hills Dr, Indian Trail, North Carolina 28079",,,,,"Mahek’s Vidhi & Haaldi, Wedding, Reception"
96,Shilpa,Patel,Shilpa Patel,Bhowmik Patel,Mahek's Friend,Groom,bhowmikdave@gmail.com,(980) 253-5912,"2014 Arbor Hills Dr, Indian Trail, North Carolina 28079",,,,,"Mahek’s Vidhi & Haaldi, Wedding, Reception"
97,Bhupendra,Patel,Bhupendra Patel,,Mahek's Family Friend,Groom,Brpatel924@gmail.com,(704) 232-0162,,,,,,"Mahek’s Vidhi & Haaldi, Wedding"
97,Rekha,Patel,Rekha Patel,Bhupendra Patel,Mahek's Family Friend,Groom,Brpatel924@gmail.com,(704) 232-0162,,,,,,"Mahek’s Vidhi & Haaldi, Wedding"
98,Bipin,Patel,Bipin Patel,,Mahek's Family,Groom,Jbpatel569@yahoo.com,(910) 692-2063,"408 W Morganton Rd, Southern Pines, North Carolina 28387",,,,,"Mahek’s Vidhi & Haaldi, Wedding, Reception"
98,Jyoti,Patel,Jyoti Patel,Bipin Patel,Mahek's Family,Groom,Jbpatel569@yahoo.com,(910) 692-2063,"408 W Morganton Rd, Southern Pines, North Carolina 28387",,,,,"Mahek’s Vidhi & Haaldi, Wedding, Reception"
99,Bipin,Patel,Bipin Patel,,Mahek's Family,Groom,aksharbpn@aol.com,(704) 685-3989,,,,,,"Mahek’s Vidhi & Haaldi, Wedding"
99,Nayna,Patel,Nayna Patel,Bipin Patel,Mahek's Family,Groom,aksharbpn@aol.com,(704) 685-3989,,,,,,"Mahek’s Vidhi & Haaldi, Wedding"
100,Bodi,Patel,Bodi Patel,,Mahek's Family,Groom,rajeshelect13@gmail.com,(215) 880-8943,,,,,,"Mahek’s Vidhi & Haaldi, Wedding, Reception"
100,Rajesh,Patel,Rajesh Patel,Bodi Patel,Mahek's Family,Groom,rajeshelect13@gmail.com,(215) 880-8943,,,,,,"Mahek’s Vidhi & Haaldi, Wedding, Reception"
101,Brijesh,Patel,Brijesh Patel,,Mahek's Family,Groom,,(214) 803-0778,"3655 Rock Hourse Rd, Sasche, Texas 75048",,,,,"Mahek’s Vidhi & Haaldi, Wedding, Reception"
101,Jayna,Patel,Jayna Patel,Brijesh Patel,Mahek's Family,Groom,,(214) 803-0778,"3655 Rock Hourse Rd, Sasche, Texas 75048",,,,,"Mahek’s Vidhi & Haaldi, Wedding, Reception"
102,Chaitanya,Patel,Chaitanya Patel,,Mahek's Friend,Groom,Thechikkipatel@gmail.com,(917) 361-7430,"8354 Bampton Dr, Concord, North Carolina 28027",,,,,"Mahek’s Vidhi & Haaldi, Wedding, Reception"
102,Priyal,Patel,Priyal Patel,Chaitanya Patel,Mahek's Friend,Groom,Thechikkipatel@gmail.com,(917) 361-7430,"8354 Bampton Dr, Concord, North Carolina 28027",,,,,"Mahek’s Vidhi & Haaldi, Wedding, Reception"
103,Chetan,Patel,Chetan Patel,,Saumya's Family,Bride,HEARTDOC00@AOL.COM,,,,,,,"Saumya's Vidhi & Haaldi, Wedding, Reception"
103,Janine,Ziernicki,Janine Ziernicki,Chetan Patel,Saumya's Family,Bride,HEARTDOC00@AOL.COM,,,,,,,"Saumya's Vidhi & Haaldi, Wedding, Reception"
104,Chimanlal,Patel,Chimanlal Patel,,Saumya's Family,Bride,,,Massachusetts,,,,,"Saumya's Vidhi & Haaldi, Wedding, Reception"
104,Ramaben,Patel,Ramaben Patel,Chimanlal Patel,Saumya's Family,Bride,,,Massachusetts,,,,,"Saumya's Vidhi & Haaldi, Wedding, Reception"
105,Chintan,Patel,Chintan Patel,,Saumya's Family,Bride,chintan19493@gmail.com,(306) 450-5570,Calgiry,,,,,"Saumya's Vidhi & Haaldi, Wedding, Reception"
105,Pratiksha,Patel,Pratiksha Patel,Chintan Patel,Saumya's Family,Bride,chintan19493@gmail.com,(306) 450-5570,Calgiry,,,,,"Saumya's Vidhi & Haaldi, Wedding, Reception"
106,Chintan,Patel,Chintan Patel,,Mahek's Friend,Groom,cpatel3421@gmail.com,(704) 904-9770,"1600 Yellow Daisy Drive, Stallings, North Carolina 28104",,,,,"Mahek’s Vidhi & Haaldi, Wedding, Reception"
106,Priyal,Patel,Priyal Patel,Chintan Patel,Mahek's Friend,Groom,cpatel3421@gmail.com,(704) 904-9770,"1600 Yellow Daisy Drive, Stallings, North Carolina 28104",,,,,"Mahek’s Vidhi & Haaldi, Wedding, Reception"
107,Chinu,Patel,Chinu Patel,,Saumya's Family Friend,Bride,,,New Jersey,,,,,"Saumya's Vidhi & Haaldi, Wedding"
107,Manjula,Patel,Manjula Patel,Chinu Patel,Saumya's Family Friend,Bride,,,New Jersey,,,,,"Saumya's Vidhi & Haaldi, Wedding"
108,Chirag,Patel,Chirag Patel,,Mahek's Friend,Groom,cpatel720@gmail.com,(803) 553-5743,"15100 Nichols Hall Dr, Charlotte, North Carolina 28273",,,,,"Mahek’s Vidhi & Haaldi, Wedding, Reception"
108,Dharti,Patel,Dharti Patel,Chirag Patel,Mahek's Friend,Groom,cpatel720@gmail.com,(803) 553-5743,"15100 Nichols Hall Dr, Charlotte, North Carolina 28273",,,,,"Mahek’s Vidhi & Haaldi, Wedding, Reception"
109,Chirag,Patel,Chirag Patel,,Mahek's Family,Groom,,,,,,,,"Mahek’s Vidhi & Haaldi, Wedding, Reception"
109,Nirali,Patel,Nirali Patel,Chirag Patel,Mahek's Family,Groom,,,,,,,,"Mahek’s Vidhi & Haaldi, Wedding, Reception"
110,Daksh,Patel,Daksh Patel,,Mahek's Friend,Groom,Dakshmpatel@gmail.com,(734) 306-4760,"230 E 30Th St, Apt 1D, New York, New York 10016",,,,,"Mahek’s Vidhi & Haaldi, Wedding, Reception"
110,Shivani,Patel,Shivani Patel,Daksh Patel,Mahek's Friend,Groom,Dakshmpatel@gmail.com,(734) 306-4760,"230 E 30Th St, Apt 1D, New York, New York 10016",,,,,"Mahek’s Vidhi & Haaldi, Wedding, Reception"
111,Darsak,Patel,Darsak Patel,,Mahek's Friend,Groom,darsakpatel@gmail.com,(850) 371-2431,"527 Hawkins Way, Lilburn, Georgia 30047",,,,,"Mahek’s Vidhi & Haaldi, Wedding, Reception"
112,Darshan,Patel,Darshan Patel,,Mahek's Wedding Party,Groom,Darshanypatel@gmail.com,(980) 307-3716,"8347 Marigold Pl, Harrisburg, North Carolina 28075",,,,,"Mahek’s Vidhi & Haaldi, Wedding, Reception"
112,Riya,Patel,Riya Patel,Darshan Patel,Mahek's Wedding Party,Groom,Darshanypatel@gmail.com,(980) 307-3716,"8347 Marigold Pl, Harrisburg, North Carolina 28075",,,,,"Mahek’s Vidhi & Haaldi, Wedding, Reception"
113,Dashrath,Patel,Dashrath Patel,,Saumya's Family,Bride,,,,,,,,"Saumya's Vidhi & Haaldi, Wedding, Reception"
113,Ranjanben,Patel,Ranjanben Patel,Dashrath Patel,Saumya's Family,Bride,,,,,,,,"Saumya's Vidhi & Haaldi, Wedding, Reception"
114,Deepa,Patel,Deepa Patel,,Saumya's Family Friend,Bride,dmpatel03@gmail.com,,District Of Columbia,,,,,"Saumya's Vidhi & Haaldi, Wedding, Reception"
115,Deepak,Patel,Deepak Patel,,Saumya's Family,Bride,,,,,,,,"Saumya's Vidhi & Haaldi, Wedding, Reception"
115,Lila,Patel,Lila Patel,Deepak Patel,Saumya's Family,Bride,,,,,,,,"Saumya's Vidhi & Haaldi, Wedding, Reception"
116,Deepu,Patel,Deepu Patel,,Saumya's Family,Bride,,,,,,,,"Saumya's Vidhi & Haaldi, Wedding, Reception"
116,Mansi,Patel,Mansi Patel,Deepu Patel,Saumya's Family,Bride,,,,,,,,"Saumya's Vidhi & Haaldi, Wedding, Reception"
117,Devang,Patel,Devang Patel,,Saumya's Family,Bride,,,Colorado,,,,,"Saumya's Vidhi & Haaldi, Wedding, Reception"
117,Kayla,Patel,Kayla Patel,Devang Patel,Saumya's Family,Bride,,,Colorado,,,,,"Saumya's Vidhi & Haaldi, Wedding, Reception"
118,Devika,Patel,Devika Patel,,Mahek's Family Friend,Groom,,(302) 437-5256,"1493 Tullahoma Drive, Pratville, Alabama 36066",,,,,"Mahek’s Vidhi & Haaldi, Wedding, Reception"
118,Ghanshyam,Patel,Ghanshyam Patel,Devika Patel,Mahek's Family Friend,Groom,,(302) 437-5256,"1493 Tullahoma Drive, Pratville, Alabama 36066",,,,,"Mahek’s Vidhi & Haaldi, Wedding, Reception"
119,Dharmendra,Patel,Dharmendra Patel,,Mahek's Family Friend,Groom,dhm.patel@gmail.com,(908) 797-1331,,,,,,"Mahek’s Vidhi & Haaldi, Wedding"
119,Hiral,Patel,Hiral Patel,Dharmendra Patel,Mahek's Family Friend,Groom,dhm.patel@gmail.com,(908) 797-1331,,,,,,"Mahek’s Vidhi & Haaldi, Wedding"
120,Dharmesh,Patel,Dharmesh Patel,,Mahek's Family Friend,Groom,desigujju@gmail.com,(704) 302-5031,"13526 Edgetree Dr, Pineville, North Carolina 28134",,,,,"Mahek’s Vidhi & Haaldi, Wedding, Reception"
120,Harnisha,Patel,Harnisha Patel,Dharmesh Patel,Mahek's Family Friend,Groom,desigujju@gmail.com,(704) 302-5031,"13526 Edgetree Dr, Pineville, North Carolina 28134",,,,,"Mahek’s Vidhi & Haaldi, Wedding, Reception"
121,Dhaval,Patel,Dhaval Patel,,Saumya's Family Friend,Bride,vivchahet@yahoo.com,,,,,,,"Saumya's Vidhi & Haaldi, Wedding"
121,Hetal,Patel,Hetal Patel,Dhaval Patel,Saumya's Family Friend,Bride,vivchahet@yahoo.com,,,,,,,"Saumya's Vidhi & Haaldi, Wedding"
122,Dhaval,Patel,Dhaval Patel,,Mahek's Family,Groom,Dhawalkota@gmail.com,(864) 993-2290,"301 Starling Ave, Easley, South Carolina 29642",,,,,"Mahek’s Vidhi & Haaldi, Wedding, Reception"
122,Archana,Patel,Archana Patel,Dhaval Patel,Mahek's Family,Groom,Dhawalkota@gmail.com,(864) 993-2290,"301 Starling Ave, Easley, South Carolina 29642",,,,,"Mahek’s Vidhi & Haaldi, Wedding, Reception"
123,Dhirendra,Patel,Dhirendra Patel,,Mahek's Family,Groom,,,,,,,,"Mahek’s Vidhi & Haaldi, Wedding, Reception"
123,Bhignisha,Patel,Bhignisha Patel,Dhirendra Patel,Mahek's Family,Groom,,,,,,,,"Mahek’s Vidhi & Haaldi, Wedding, Reception"
124,Dhruv,Patel,Dhruv Patel,,Saumya's Family,Bride,,,,,,,,"Saumya's Vidhi & Haaldi, Wedding, Reception"
124,Sejal,Patel,Sejal Patel,Dhruv Patel,Saumya's Family,Bride,,,,,,,,"Saumya's Vidhi & Haaldi, Wedding, Reception"
125,Dhruv,Patel,Dhruv Patel,,Saumya's Family,Bride,dgpatel0613@gmail.com,,,,,,,"Saumya's Vidhi & Haaldi, Wedding, Reception"
126,Digna,Patel,Digna Patel,,Mahek's Friend,Groom,Dignap.96@gmail.com,(267) 303-6789,"7827 Mercury Pl, Philadelphia, Pennsylvania 19153",,,,,"Mahek’s Vidhi & Haaldi, Wedding, Reception"
126,Jay,Patel,Jay Patel,Digna Patel,Mahek's Friend,Groom,Dignap.96@gmail.com,(267) 303-6789,"7827 Mercury Pl, Philadelphia, Pennsylvania 19153",,,,,"Mahek’s Vidhi & Haaldi, Wedding, Reception"
127,Dilip,Patel,Dilip Patel,,Saumya's Family Friend,Bride,,,,,,,,Saumya's Vidhi & Haaldi
127,Gauri,Patel,Gauri Patel,Dilip Patel,Saumya's Family Friend,Bride,,,,,,,,Saumya's Vidhi & Haaldi
128,Dilip,Patel,Dilip Patel,,Saumya's Family Friend,Bride,,,,,,,,"Saumya's Vidhi & Haaldi, Wedding"
128,Charu,Patel,Charu Patel,Dilip Patel,Saumya's Family Friend,Bride,,,,,,,,"Saumya's Vidhi & Haaldi, Wedding"
129,Dilip,Patel,Dilip Patel,,Mahek's Family Friend,Groom,,(704) 258-7109,,,,,,"Mahek’s Vidhi & Haaldi, Wedding"
129,Saroj,Patel,Saroj Patel,Dilip Patel,Mahek's Family Friend,Groom,,(704) 258-7109,,,,,,"Mahek’s Vidhi & Haaldi, Wedding"
130,Dinesh,Patel,Dinesh Patel,,Saumya's Family Friend,Bride,,,New Jersey,,,,,"Saumya's Vidhi & Haaldi, Wedding"
130,Sangita,Patel,Sangita Patel,Dinesh Patel,Saumya's Family Friend,Bride,,,New Jersey,,,,,"Saumya's Vidhi & Haaldi, Wedding"
131,Dipesh,Patel,Dipesh Patel,,Saumya's Family Friend,Bride,mrunali954@gmail.com,,"Chesapeake, Virginia",,,,,"Saumya's Vidhi & Haaldi, Wedding"
131,Mrunali,Patel,Mrunali Patel,Dipesh Patel,Saumya's Family Friend,Bride,mrunali954@gmail.com,,"Chesapeake, Virginia",,,,,"Saumya's Vidhi & Haaldi, Wedding"
132,Divyang,Patel,Divyang Patel,,Mahek's Friend,Groom,dnpatel86@gmail.com,(281) 236-9958,"3226 Shadow View Ln, Missouri City, Texas 77459",,,,,"Mahek’s Vidhi & Haaldi, Wedding, Reception"
133,Diya,Patel,Diya Patel,,Saumya's Family Friend,Bride,,,,,,,,"Saumya's Vidhi & Haaldi, Wedding, Reception"
133,Aryan,Patel,Aryan Patel,Diya Patel,Saumya's Family Friend,Bride,,,,,,,,"Saumya's Vidhi & Haaldi, Wedding, Reception"
134,Drupad,Patel,Drupad Patel,,Mahek's Family Friend,Groom,drupad@gmail.com,(704) 607-0915,,,,,,"Mahek’s Vidhi & Haaldi, Wedding"
135,Gaurav,Patel,Gaurav Patel,,Saumya's Family,Bride,,,,,,,,"Saumya's Vidhi & Haaldi, Wedding, Reception"
135,Vihangi,Patel,Vihangi Patel,Gaurav Patel,Saumya's Family,Bride,,,,,,,,"Saumya's Vidhi & Haaldi, Wedding, Reception"
136,Geetaben,Patel,Geetaben Patel,,Saumya's Family Friend,Bride,,,"Hampton, Virginia",,,,,"Saumya's Vidhi & Haaldi, Wedding"
137,Ghanshyam,Patel,Ghanshyam Patel,,Mahek's Family Friend,Groom,jamespatel7626@hotmail.com,(704) 293-5710,"12303 Summer Breeze Ct, Charlotte, North Carolina 28277",,,,,"Mahek’s Vidhi & Haaldi, Wedding"
137,Nalini,Patel,Nalini Patel,Ghanshyam Patel,Mahek's Family Friend,Groom,jamespatel7626@hotmail.com,(704) 293-5710,"12303 Summer Breeze Ct, Charlotte, North Carolina 28277",,,,,"Mahek’s Vidhi & Haaldi, Wedding"
138,Ghanshyam,Patel,Ghanshyam Patel,,Mahek's Family Friend,Groom,,(704) 699-0707,,,,,,"Mahek’s Vidhi & Haaldi, Wedding"
138,Mina,Patel,Mina Patel,Ghanshyam Patel,Mahek's Family Friend,Groom,,(704) 699-0707,,,,,,"Mahek’s Vidhi & Haaldi, Wedding"
139,Ghanshyambhai,Patel,Ghanshyambhai Patel,,Saumya's Family Friend,Bride,GSUSA95@YAHOO.COM,(757) 376-9936,"Chesapeake, Virginia",,,,,Saumya's Vidhi & Haaldi
139,Manjulaben,Patel,Manjulaben Patel,Ghanshyambhai Patel,Saumya's Family Friend,Bride,GSUSA95@YAHOO.COM,(757) 376-9936,"Chesapeake, Virginia",,,,,Saumya's Vidhi & Haaldi
140,Gunatit,Patel,Gunatit Patel,,Saumya's Family Friend,Bride,patelavni.87@gmail.com,(757) 207-2606,"Newport News, Virginia",,,,,"Saumya's Vidhi & Haaldi, Wedding, Reception"
140,Pallavi,Patel,Pallavi Patel,Gunatit Patel,Saumya's Family Friend,Bride,patelavni.87@gmail.com,(757) 207-2606,"Newport News, Virginia",,,,,"Saumya's Vidhi & Haaldi, Wedding, Reception"
141,Hari,Patel,Hari Patel,,Mahek's Friend,Groom,haripatel0324@gmail.com,(336) 912-2274,"5605 Feather Ct, Summerfield, North Carolina 27358",,,,,"Mahek’s Vidhi & Haaldi, Wedding, Reception"
142,Harikrushn,Patel,Harikrushn Patel,,Saumya's Family Friend,Bride,harikrushnpatel1111@gmail.com,,Canada,,,,,"Saumya's Vidhi & Haaldi, Wedding, Reception"
142,Fenvee,Patel,Fenvee Patel,Harikrushn Patel,Saumya's Family Friend,Bride,harikrushnpatel1111@gmail.com,,Canada,,,,,"Saumya's Vidhi & Haaldi, Wedding, Reception"
143,Harry,Patel,Harry Patel,,Mahek's Friend,Groom,harrypatel24@gmail.com,(980) 229-8132,"310 Rachel Elizabeth Dr, Stallings, North Carolina 28104",,,,,"Mahek’s Vidhi & Haaldi, Wedding, Reception"
143,Hasmi,Patel,Hasmi Patel,Harry Patel,Mahek's Friend,Groom,harrypatel24@gmail.com,(980) 229-8132,"310 Rachel Elizabeth Dr, Stallings, North Carolina 28104",,,,,"Mahek’s Vidhi & Haaldi, Wedding, Reception"
144,Harshad,Patel,Harshad Patel,,Mahek's Family,Groom,dnpatel86@gmail.com,(561) 706-3066,"10803 Paperbark pl, Boynton Beach, Florida 33437",,,,,"Mahek’s Vidhi & Haaldi, Wedding, Reception"
144,Chandrika,Patel,Chandrika Patel,Harshad Patel,Mahek's Family,Groom,dnpatel86@gmail.com,(561) 706-3066,"10803 Paperbark pl, Boynton Beach, Florida 33437",,,,,"Mahek’s Vidhi & Haaldi, Wedding, Reception"
145,Hasmukh,Patel,Hasmukh Patel,,Saumya's Family Friend,Bride,,,New Jersey,,,,,"Saumya's Vidhi & Haaldi, Wedding"
145,Alka,Patel,Alka Patel,Hasmukh Patel,Saumya's Family Friend,Bride,,,New Jersey,,,,,"Saumya's Vidhi & Haaldi, Wedding"
146,Hasmukh,Patel,Hasmukh Patel,,Saumya's Family Friend,Bride,,,Texas,,,,,"Saumya's Vidhi & Haaldi, Wedding, Reception"
146,Madhuriben,Patel,Madhuriben Patel,Hasmukh Patel,Saumya's Family Friend,Bride,,,Texas,,,,,"Saumya's Vidhi & Haaldi, Wedding, Reception"
147,Heenaben,Patel,Heenaben Patel,,Mahek's Family Friend,Groom,,(336) 314-4976,,,,,,"Mahek’s Vidhi & Haaldi, Wedding"
148,Hemant,Patel,Hemant Patel,,Mahek's Family,Groom,hemant3@gmail.com,(908) 720-1312,"159 Zwolak Ct, South Plainfield, New Jersey 07080",,,,,"Mahek’s Vidhi & Haaldi, Wedding, Reception"
148,Parul,Patel,Parul Patel,Hemant Patel,Mahek's Family,Groom,hemant3@gmail.com,(908) 720-1312,"159 Zwolak Ct, South Plainfield, New Jersey 07080",,,,,"Mahek’s Vidhi & Haaldi, Wedding, Reception"
149,Hemant,Patel,Hemant Patel,,Mahek's Family,Groom,,(434) 430-7038,"3600 Pulaski Highway, Baltimore, Maryland 21224",,,,,"Mahek’s Vidhi & Haaldi, Wedding, Reception"
149,Rupal,Patel,Rupal Patel,Hemant Patel,Mahek's Family,Groom,,(434) 430-7038,"3600 Pulaski Highway, Baltimore, Maryland 21224",,,,,"Mahek’s Vidhi & Haaldi, Wedding, Reception"
150,Hetal,Patel,Hetal Patel,,Mahek's Family Friend,Groom,hpatel1011@gmail.com,,,,,,,"Mahek’s Vidhi & Haaldi, Wedding"
151,Hetul,Patel,Hetul Patel,,Mahek's Family,Groom,,,,,,,,"Mahek’s Vidhi & Haaldi, Wedding"
151,Hetal,Patel,Hetal Patel,Hetul Patel,Mahek's Family,Groom,,,,,,,,"Mahek’s Vidhi & Haaldi, Wedding"
152,Hiral,Patel,Hiral Patel,,Mahek's Family,Groom,,,,,,,,"Mahek’s Vidhi & Haaldi, Wedding, Reception"
152,Hiral,Guest 1 Patel,Hiral Guest 1 Patel,Hiral Patel,Mahek's Family,Groom,,,,,,,,"Mahek’s Vidhi & Haaldi, Wedding, Reception"
153,Hiren,Patel,Hiren Patel,,Mahek's Friend,Groom,Liltlboy@gmail.com,(281) 744-5709,"2615 Katie Harbor Dr, Manvel, Texas 77578",,,,,"Mahek’s Vidhi & Haaldi, Wedding, Reception"
153,Ushma,Lakhani,Ushma Lakhani,Hiren Patel,Mahek's Friend,Groom,Liltlboy@gmail.com,(281) 744-5709,"2615 Katie Harbor Dr, Manvel, Texas 77578",,,,,"Mahek’s Vidhi & Haaldi, Wedding, Reception"
154,Hiren,Patel,Hiren Patel,,Mahek's Family,Groom,,(864) 993-6302,"107 Bold Slope Dr, Piedmont, South Carolina 29673",,,,,"Mahek’s Vidhi & Haaldi, Wedding, Reception"
154,Gita,Patel,Gita Patel,Hiren Patel,Mahek's Family,Groom,,(864) 993-6302,"107 Bold Slope Dr, Piedmont, South Carolina 29673",,,,,"Mahek’s Vidhi & Haaldi, Wedding, Reception"
155,Hiren,Patel,Hiren Patel,,Mahek's Friend,Groom,patelh99@gmail.com,(704) 941-5932,,,,,,"Mahek’s Vidhi & Haaldi, Wedding"
155,Jagruti,Patel,Jagruti Patel,Hiren Patel,Mahek's Friend,Groom,patelh99@gmail.com,(704) 941-5932,,,,,,"Mahek’s Vidhi & Haaldi, Wedding"
156,Hiren,Patel,Hiren Patel,,Saumya's Family Friend,Bride,,,New Jersey,,,,,"Saumya's Vidhi & Haaldi, Wedding"
156,Sangita,Patel,Sangita Patel,Hiren Patel,Saumya's Family Friend,Bride,,,New Jersey,,,,,"Saumya's Vidhi & Haaldi, Wedding"
157,Hitesh,Patel,Hitesh Patel,,Saumya's Family,Bride,,,,,,,,"Saumya's Vidhi & Haaldi, Wedding, Reception"
157,Kinjal,Patel,Kinjal Patel,Hitesh Patel,Saumya's Family,Bride,,,,,,,,"Saumya's Vidhi & Haaldi, Wedding, Reception"
158,Ila,Patel,Ila Patel,,Saumya's Family Friend,Bride,,,,,,,,"Saumya's Vidhi & Haaldi, Wedding, Reception"
159,Indravadan,Patel,Indravadan Patel,,Saumya's Family Friend,Bride,,,,,,,,"Saumya's Vidhi & Haaldi, Wedding"
159,Shital,Patel,Shital Patel,Indravadan Patel,Saumya's Family Friend,Bride,,,,,,,,"Saumya's Vidhi & Haaldi, Wedding"
160,Ishit,Patel,Ishit Patel,,Saumya's Family,Bride,,,Colorado,,,,,"Saumya's Vidhi & Haaldi, Wedding, Reception"
160,Sarah,Patel,Sarah Patel,Ishit Patel,Saumya's Family,Bride,,,Colorado,,,,,"Saumya's Vidhi & Haaldi, Wedding, Reception"
161,Jagat,Patel,Jagat Patel,,Saumya's Family Friend,Bride,Joshiavani87@gmail.com,(610) 657-7813,Pennsylvania,,,,,"Saumya's Vidhi & Haaldi, Wedding"
161,Avani,Patel,Avani Patel,Jagat Patel,Saumya's Family Friend,Bride,Joshiavani87@gmail.com,(610) 657-7813,Pennsylvania,,,,,"Saumya's Vidhi & Haaldi, Wedding"
162,Jagruti,Patel,Jagruti Patel,,Saumya's Family Friend,Bride,oceanclub2007@yahoo.com,,,,,,,Saumya's Vidhi & Haaldi
162,Rashmi,Patel,Rashmi Patel,Jagruti Patel,Saumya's Family Friend,Bride,oceanclub2007@yahoo.com,,,,,,,Saumya's Vidhi & Haaldi
163,Jairam,Patel,Jairam Patel,,Mahek's Friend,Groom,Jaipatel1121@gmail.com,(704) 615-2365,,,,,,"Mahek’s Vidhi & Haaldi, Wedding, Reception"
163,Puja,Patel,Puja Patel,Jairam Patel,Mahek's Friend,Groom,Jaipatel1121@gmail.com,(704) 615-2365,,,,,,"Mahek’s Vidhi & Haaldi, Wedding, Reception"
164,Jalin,Patel,Jalin Patel,,Mahek's Family,Groom,jali244@yahoo.com,(609) 369-8538,"1599 Armory Dr, Franklin 23851",,,,,"Mahek’s Vidhi & Haaldi, Wedding, Reception"
165,Janak,Patel,Janak Patel,,Mahek's Family Friend,Groom,,(922) 685-9259,,,,,,"Mahek’s Vidhi & Haaldi, Wedding"
165,Parul,Patel,Parul Patel,Janak Patel,Mahek's Family Friend,Groom,,(922) 685-9259,,,,,,"Mahek’s Vidhi & Haaldi, Wedding"
166,Janu,Patel,Janu Patel,,Mahek's Family Friend,Groom,,(803) 285-2887,,,,,,"Mahek’s Vidhi & Haaldi, Wedding"
166,Surya,Patel,Surya Patel,Janu Patel,Mahek's Family Friend,Groom,,(803) 285-2887,,,,,,"Mahek’s Vidhi & Haaldi, Wedding"
167,Janvi,Patel,Janvi Patel,,Saumya's Family,Bride,,,Canada,,,,,"Saumya's Vidhi & Haaldi, Wedding, Reception"
168,Jasoda,Patel,Jasoda Patel,,Saumya's Family Friend,Bride,,,,,,,,"Saumya's Vidhi & Haaldi, Wedding"
168,Vidyaba,Patel,Vidyaba Patel,Jasoda Patel,Saumya's Family Friend,Bride,,,,,,,,"Saumya's Vidhi & Haaldi, Wedding"
169,Jatin,Patel,Jatin Patel,,Mahek's Friend,Groom,swaminarayan.patel0@gmail.com,(803) 414-1853,"4 Mainsail Ct, Columbia, South Carolina 29229",,,,,"Mahek’s Vidhi & Haaldi, Wedding, Reception"
170,Jatin,Patel,Jatin Patel,,Saumya's Family Friend,Bride,Pateltamanna77@yahoo.com,,,,,,,"Saumya's Vidhi & Haaldi, Wedding, Reception"
170,Tammana,Patel,Tammana Patel,Jatin Patel,Saumya's Family Friend,Bride,Pateltamanna77@yahoo.com,,,,,,,"Saumya's Vidhi & Haaldi, Wedding, Reception"
171,Jay,Patel,Jay Patel,,Mahek's Friend,Groom,pateljay5678@gmail.com,(919) 928-1515,"3117 Dunnock Dr, Durham, North Carolina 27713",,,,,"Mahek’s Vidhi & Haaldi, Wedding, Reception"
171,Soni,Patel,Soni Patel,Jay Patel,Mahek's Friend,Groom,pateljay5678@gmail.com,(919) 928-1515,"3117 Dunnock Dr, Durham, North Carolina 27713",,,,,"Mahek’s Vidhi & Haaldi, Wedding, Reception"
172,Jay,Patel,Jay Patel,,Mahek's Friend,Groom,pateljsp@gmail.com,(803) 325-5133,"599 Cranborne Chase, Fort Mill, South Carolina 29708",,,,,"Mahek’s Vidhi & Haaldi, Wedding, Reception"
172,Preeya,Patel,Preeya Patel,Jay Patel,Mahek's Friend,Groom,pateljsp@gmail.com,(803) 325-5133,"599 Cranborne Chase, Fort Mill, South Carolina 29708",,,,,"Mahek’s Vidhi & Haaldi, Wedding, Reception"
173,Jay,Patel,Jay Patel,,Mahek's Friend,Groom,jayeshrpatel1@gmail.com,(732) 824-8717,"1047 Woodruff Street, Iselin, New Jersey 08830",,,,,"Mahek’s Vidhi & Haaldi, Wedding, Reception"
174,Jay,Patel,Jay Patel,,Mahek's Family Friend,Groom,,(570) 504-6849,,,,,,"Mahek’s Vidhi & Haaldi, Wedding"
174,Vidhi,Patel,Vidhi Patel,Jay Patel,Mahek's Family Friend,Groom,,(570) 504-6849,,,,,,"Mahek’s Vidhi & Haaldi, Wedding"
175,Jay,Dablu Patel,Jay Dablu Patel,,Mahek's Friend,Groom,jayp4297@gmail.com,(919) 454-3061,,,,,,"Mahek’s Vidhi & Haaldi, Wedding, Reception"
176,Jayendra,Patel,Jayendra Patel,,Mahek's Family,Groom,jay1662@yahoo.com,(256) 348-1662,"14003 Bordley Place, Huntersville, North Carolina 28078",,,,,"Mahek’s Vidhi & Haaldi, Wedding, Reception"
176,Bena,Patel,Bena Patel,Jayendra Patel,Mahek's Family,Groom,jay1662@yahoo.com,(256) 348-1662,"14003 Bordley Place, Huntersville, North Carolina 28078",,,,,"Mahek’s Vidhi & Haaldi, Wedding, Reception"
177,Jayesh,Patel,Jayesh Patel,,Saumya's Family Friend,Bride,,,Virginia,,,,,Saumya's Vidhi & Haaldi
177,Kamini,Patel,Kamini Patel,Jayesh Patel,Saumya's Family Friend,Bride,,,Virginia,,,,,Saumya's Vidhi & Haaldi
178,Jayesh,Patel,Jayesh Patel,,Saumya's Family,Bride,jayesh_67@yahoo.com,(978) 226-3070,"24 Overlook Drive, Tyngsboro, Massachusetts 10879",,,,,"Saumya's Vidhi & Haaldi, Wedding, Reception"
178,Sonal,Patel,Sonal Patel,Jayesh Patel,Saumya's Family,Bride,jayesh_67@yahoo.com,(978) 226-3070,"24 Overlook Drive, Tyngsboro, Massachusetts 10879",,,,,"Saumya's Vidhi & Haaldi, Wedding, Reception"
179,Jayesh,Patel,Jayesh Patel,,Mahek's Family Friend,Groom,dhayanapatel2008@gmail.com,(803) 616-4175,,,,,,"Mahek’s Vidhi & Haaldi, Wedding"
179,Jyoti,Patel,Jyoti Patel,Jayesh Patel,Mahek's Family Friend,Groom,dhayanapatel2008@gmail.com,(803) 616-4175,,,,,,"Mahek’s Vidhi & Haaldi, Wedding"
180,Jaykishan,Patel,Jaykishan Patel,,Mahek's Friend,Groom,,(336) 601-6502,,,,,,"Mahek’s Vidhi & Haaldi, Wedding, Reception"
181,Jaymala,Patel,Jaymala Patel,,Mahek's Family Friend,Groom,,,,,,,,"Mahek’s Vidhi & Haaldi, Wedding"
181,Bharti,Patel,Bharti Patel,Jaymala Patel,Mahek's Family Friend,Groom,,,,,,,,"Mahek’s Vidhi & Haaldi, Wedding"
182,Jayntilal,Patel,Jayntilal Patel,,Saumya's Family,Bride,,,,,,,,"Saumya's Vidhi & Haaldi, Wedding, Reception"
182,Pannaben,Patel,Pannaben Patel,Jayntilal Patel,Saumya's Family,Bride,,,,,,,,"Saumya's Vidhi & Haaldi, Wedding, Reception"
183,JD,Patel,JD Patel,,Mahek's Family Friend,Groom,,(704) 965-1297,,,,,,"Mahek’s Vidhi & Haaldi, Wedding"
183,Meenaben,Patel,Meenaben Patel,JD Patel,Mahek's Family Friend,Groom,,(704) 965-1297,,,,,,"Mahek’s Vidhi & Haaldi, Wedding"
184,Jeet,Patel,Jeet Patel,,Mahek's Friend,Groom,Jeet0107@gmail.com,(704) 640-8485,"117 Raccoon Path, Holly Springs, North Carolina 27540",,,,,"Mahek’s Vidhi & Haaldi, Wedding, Reception"
184,Neema,Dave,Neema Dave,Jeet Patel,Mahek's Friend,Groom,Jeet0107@gmail.com,(704) 640-8485,"117 Raccoon Path, Holly Springs, North Carolina 27540",,,,,"Mahek’s Vidhi & Haaldi, Wedding, Reception"
185,Jiga,Patel,Jiga Patel,,Mahek's Family,Groom,preyashapatel2328@gmail.com,(91992)-420-4243,,,,,,"Mahek’s Vidhi & Haaldi, Wedding, Reception"
185,Bhavna,Patel,Bhavna Patel,Jiga Patel,Mahek's Family,Groom,preyashapatel2328@gmail.com,(91992)-420-4243,,,,,,"Mahek’s Vidhi & Haaldi, Wedding, Reception"
186,Jigar,Patel,Jigar Patel,,Mahek's Family Friend,Groom,,(306) 217-8544,,,,,,"Mahek’s Vidhi & Haaldi, Wedding, Reception"
186,Guru,Patel,Guru Patel,Jigar Patel,Mahek's Family Friend,Groom,,(306) 217-8544,,,,,,"Mahek’s Vidhi & Haaldi, Wedding, Reception"
187,Jignesh,Patel,Jignesh Patel,,Saumya's Family,Bride,jmpatel5076@gmail.com,,,,,,,"Saumya's Vidhi & Haaldi, Wedding, Reception"
187,Nimisha,Patel,Nimisha Patel,Jignesh Patel,Saumya's Family,Bride,jmpatel5076@gmail.com,,,,,,,"Saumya's Vidhi & Haaldi, Wedding, Reception"
188,Jignesh,Patel,Jignesh Patel,,Mahek's Family Friend,Groom,,,,,,,,"Mahek’s Vidhi & Haaldi, Wedding"
188,Reena,Patel,Reena Patel,Jignesh Patel,Mahek's Family Friend,Groom,,,,,,,,"Mahek’s Vidhi & Haaldi, Wedding"
189,Jignesh,Patel,Jignesh Patel,,Saumya's Family Friend,Bride,Jrpatel2001@gmail.com,,Georgia,,,,,"Saumya's Vidhi & Haaldi, Wedding, Reception"
189,Nisha,Patel,Nisha Patel,Jignesh Patel,Saumya's Family Friend,Bride,Jrpatel2001@gmail.com,,Georgia,,,,,"Saumya's Vidhi & Haaldi, Wedding, Reception"
190,Jinesh,Patel,Jinesh Patel,,Saumya's Family,Bride,jineshpatel43@gmail.com,(732) 429-5434,Texas,,,,,"Saumya's Vidhi & Haaldi, Wedding"
191,Jiresh,Patel,Jiresh Patel,,Saumya's Family Friend,Bride,jireshpatel@yahoo.com,(757) 775-1300,"Hampton, Virginia",,,,,"Saumya's Vidhi & Haaldi, Wedding, Reception"
191,Vaishali,Patel,Vaishali Patel,Jiresh Patel,Saumya's Family Friend,Bride,jireshpatel@yahoo.com,(757) 775-1300,"Hampton, Virginia",,,,,"Saumya's Vidhi & Haaldi, Wedding, Reception"
192,Jitu,Patel,Jitu Patel,,Saumya's Family Friend,Bride,Jcpatel191@yahoo.com,,,,,,,"Saumya's Vidhi & Haaldi, Wedding"
192,Manisha,Patel,Manisha Patel,Jitu Patel,Saumya's Family Friend,Bride,Jcpatel191@yahoo.com,,,,,,,"Saumya's Vidhi & Haaldi, Wedding"
193,Jitu,Patel,Jitu Patel,,Saumya's Family Friend,Bride,,,,,,,,Saumya's Vidhi & Haaldi
193,Seema,Patel,Seema Patel,Jitu Patel,Saumya's Family Friend,Bride,,,,,,,,Saumya's Vidhi & Haaldi
194,Jyoti,Patel,Jyoti Patel,,Mahek's Family Friend,Groom,,(704) 207-6968,"2105 Capricorn Ave, Indian Trail, North Carolina 28079",,,,,"Mahek’s Vidhi & Haaldi, Wedding"
194,Mitaben,Patel,Mitaben Patel,Jyoti Patel,Mahek's Family Friend,Groom,,(704) 207-6968,"2105 Capricorn Ave, Indian Trail, North Carolina 28079",,,,,"Mahek’s Vidhi & Haaldi, Wedding"
195,Kalpesh,Patel,Kalpesh Patel,,Saumya's Family Friend,Bride,,,"Yorktown, Virginia",,,,,"Saumya's Vidhi & Haaldi, Wedding, Reception"
195,Shilu,Patel,Shilu Patel,Kalpesh Patel,Saumya's Family Friend,Bride,,,"Yorktown, Virginia",,,,,"Saumya's Vidhi & Haaldi, Wedding, Reception"
196,Kamlesh,Patel,Kamlesh Patel,,Saumya's Family Friend,Bride,chhayakp@yahoo.com,,Ohio,,,,,"Saumya's Vidhi & Haaldi, Wedding, Reception"
196,Chhaya,Patel,Chhaya Patel,Kamlesh Patel,Saumya's Family Friend,Bride,chhayakp@yahoo.com,,Ohio,,,,,"Saumya's Vidhi & Haaldi, Wedding, Reception"
197,Kanu,Patel,Kanu Patel,,Mahek's Family Friend,Groom,,(91987)-989-8274,,,,,,"Mahek’s Vidhi & Haaldi, Wedding, Reception"
197,Manisha,Patel,Manisha Patel,Kanu Patel,Mahek's Family Friend,Groom,,(91987)-989-8274,,,,,,"Mahek’s Vidhi & Haaldi, Wedding, Reception"
198,Kanubhai,Patel,Kanubhai Patel,,Saumya's Family Friend,Bride,,,,,,,,Saumya's Vidhi & Haaldi
198,Joshnaben,Patel,Joshnaben Patel,Kanubhai Patel,Saumya's Family Friend,Bride,,,,,,,,Saumya's Vidhi & Haaldi
199,Karmit,Patel,Karmit Patel,,Mahek's Wedding Party,Groom,karmitpatel@gmail.com,(704) 974-1729,"180 10Th St Ne, Apt 114, Atlanta, Georgia 30309",,,,,"Mahek’s Vidhi & Haaldi, Wedding, Reception"
199,Meera,Patel,Meera Patel,Karmit Patel,Mahek's Wedding Party,Groom,karmitpatel@gmail.com,(704) 974-1729,"180 10Th St Ne, Apt 114, Atlanta, Georgia 30309",,,,,"Mahek’s Vidhi & Haaldi, Wedding, Reception"
200,Kaushal,Patel,Kaushal Patel,,Saumya's Family Friend,Bride,,,,,,,,"Saumya's Vidhi & Haaldi, Wedding, Reception"
200,Shweta,Patel,Shweta Patel,Kaushal Patel,Saumya's Family Friend,Bride,,,,,,,,"Saumya's Vidhi & Haaldi, Wedding, Reception"
201,Kaushik,Patel,Kaushik Patel,,Mahek's Family Friend,Groom,don@skloding.com,,,,,,,"Mahek’s Vidhi & Haaldi, Wedding, Reception"
201,Sangita,Patel,Sangita Patel,Kaushik Patel,Mahek's Family Friend,Groom,don@skloding.com,,,,,,,"Mahek’s Vidhi & Haaldi, Wedding, Reception"
202,Kevan,Patel,Kevan Patel,,Mahek's Friend,Groom,23kevanpatel@gmail.com,(856) 519-8654,,,,,,"Mahek’s Vidhi & Haaldi, Wedding, Reception"
202,Charmi,Patel,Charmi Patel,Kevan Patel,Mahek's Friend,Groom,23kevanpatel@gmail.com,(856) 519-8654,,,,,,"Mahek’s Vidhi & Haaldi, Wedding, Reception"
203,Keyur,Patel,Keyur Patel,,Saumya's Family,Bride,drkeyurpatel163@gmail.com,,,,,,,"Saumya's Vidhi & Haaldi, Wedding, Reception"
203,Anusha,Patel,Anusha Patel,Keyur Patel,Saumya's Family,Bride,drkeyurpatel163@gmail.com,,,,,,,"Saumya's Vidhi & Haaldi, Wedding, Reception"
204,Khushi,Patel,Khushi Patel,,Saumya's Family Friend,Bride,yashpatel3883@gmail.com,(609) 455-4892,Texas,,,,,"Saumya's Vidhi & Haaldi, Wedding, Reception"
204,Yash,Patel,Yash Patel,Khushi Patel,Saumya's Family Friend,Bride,yashpatel3883@gmail.com,(609) 455-4892,Texas,,,,,"Saumya's Vidhi & Haaldi, Wedding, Reception"
205,Kiran,Patel,Kiran Patel,,Mahek's Family Friend,Groom,,(814) 069-2577,,,,,,"Mahek’s Vidhi & Haaldi, Wedding"
205,Maya,Patel,Maya Patel,Kiran Patel,Mahek's Family Friend,Groom,,(814) 069-2577,,,,,,"Mahek’s Vidhi & Haaldi, Wedding"
206,Kiratbhai,Patel,Kiratbhai Patel,,Mahek's Family Friend,Groom,,,"7903 Hereford Street, Charlotte, North Carolina 28213",,,,,"Mahek’s Vidhi & Haaldi, Wedding"
206,Vilasben,Patel,Vilasben Patel,Kiratbhai Patel,Mahek's Family Friend,Groom,,,"7903 Hereford Street, Charlotte, North Carolina 28213",,,,,"Mahek’s Vidhi & Haaldi, Wedding"
207,Kiron,Patel,Kiron Patel,,Mahek's Family Friend,Groom,,(704) 200-1400,,,,,,"Mahek’s Vidhi & Haaldi, Wedding"
207,Kokila,Patel,Kokila Patel,Kiron Patel,Mahek's Family Friend,Groom,,(704) 200-1400,,,,,,"Mahek’s Vidhi & Haaldi, Wedding"
208,Kishan,Patel,Kishan Patel,,Mahek's Friend,Groom,kmp.patel10@gmail.com,(848) 248-2828,"12 Goodrich St, Iselin, New Jersey 08830",,,,,"Mahek’s Vidhi & Haaldi, Wedding, Reception"
208,Prachi,Patel,Prachi Patel,Kishan Patel,Mahek's Friend,Groom,kmp.patel10@gmail.com,(848) 248-2828,"12 Goodrich St, Iselin, New Jersey 08830",,,,,"Mahek’s Vidhi & Haaldi, Wedding, Reception"
209,Kishan,Patel,Kishan Patel,,Mahek's Friend,Groom,kishanp96@gmail.com,(910) 922-3447,,,,,,"Mahek’s Vidhi & Haaldi, Wedding, Reception"
210,Kokilaben,Patel,Kokilaben Patel,,Saumya's Family,Bride,,,,,,,,"Saumya's Vidhi & Haaldi, Wedding, Reception"
211,Krishnakant,Patel,Krishnakant Patel,,Saumya's Family Friend,Bride,Patelkrish1983@gmail.com,,,,,,,"Saumya's Vidhi & Haaldi, Wedding, Reception"
212,Krunal,Patel,Krunal Patel,,Saumya's Family,Bride,,,Canada,,,,,"Saumya's Vidhi & Haaldi, Wedding, Reception"
212,Dipti,Patel,Dipti Patel,Krunal Patel,Saumya's Family,Bride,,,Canada,,,,,"Saumya's Vidhi & Haaldi, Wedding, Reception"
213,Krunal,Patel,Krunal Patel,,Saumya's Family,Bride,,(561) 542-7534,Pennsylvania,,,,,"Saumya's Vidhi & Haaldi, Wedding"
213,Urvika,Patel,Urvika Patel,Krunal Patel,Saumya's Family,Bride,,(561) 542-7534,Pennsylvania,,,,,"Saumya's Vidhi & Haaldi, Wedding"
214,Kush,Patel,Kush Patel,,Mahek's Friend,Groom,kushp1010@gmail.com,(267) 275-1262,"7827 Mercury Pl, Philadelphia, Pennsylvania 19153",,,,,"Mahek’s Vidhi & Haaldi, Wedding, Reception"
214,Jasmin,Patel,Jasmin Patel,Kush Patel,Mahek's Friend,Groom,kushp1010@gmail.com,(267) 275-1262,"7827 Mercury Pl, Philadelphia, Pennsylvania 19153",,,,,"Mahek’s Vidhi & Haaldi, Wedding, Reception"
215,Kush,Patel,Kush Patel,,Mahek's Friend,Groom,kushpatel0730@gmail.com,(205) 362-8096,"1752 Unison Dr, Charlotte, North Carolina 28262",,,,,"Mahek’s Vidhi & Haaldi, Wedding, Reception"
216,Lalitaba,Patel,Lalitaba Patel,,Saumya's Family Friend,Bride,,,,,,,,Saumya's Vidhi & Haaldi
217,Lalo,Patel,Lalo Patel,,Mahek's Family Friend,Groom,Alpa.jpatel@yahoo.com,(704) 999-2631,,,,,,"Mahek’s Vidhi & Haaldi, Wedding"
217,Apu,Patel,Apu Patel,Lalo Patel,Mahek's Family Friend,Groom,Alpa.jpatel@yahoo.com,(704) 999-2631,,,,,,"Mahek’s Vidhi & Haaldi, Wedding"
218,Laxmiba,Patel,Laxmiba Patel,,Saumya's Family Friend,Bride,,,Virginia,,,,,"Saumya's Vidhi & Haaldi, Wedding"
219,Love,Patel,Love Patel,,Mahek's Friend,Groom,patel.luv@gmail.com,(205) 473-1248,"5801 Clear Creek Lane, Charlotte, North Carolina 28215",,,,,"Mahek’s Vidhi & Haaldi, Wedding, Reception"
219,Deepa,Patel,Deepa Patel,Love Patel,Mahek's Friend,Groom,patel.luv@gmail.com,(205) 473-1248,"5801 Clear Creek Lane, Charlotte, North Carolina 28215",,,,,"Mahek’s Vidhi & Haaldi, Wedding, Reception"
220,Madhuba,Patel,Madhuba Patel,,Saumya's Family Friend,Bride,,,"Yorktown, Virginia",,,,,Saumya's Vidhi & Haaldi
220,Ilaba,Patel,Ilaba Patel,Madhuba Patel,Saumya's Family Friend,Bride,,,"Yorktown, Virginia",,,,,Saumya's Vidhi & Haaldi
221,Madhuben,Patel,Madhuben Patel,,Mahek's Family,Groom,,(561) 706-5226,"5038 Benwich Ally, Orlando, Florida 32814",,,,,"Mahek’s Vidhi & Haaldi, Wedding, Reception"
222,Madhuben,Patel,Madhuben Patel,,Saumya's Family Friend,Bride,,,,,,,,Saumya's Vidhi & Haaldi
223,Mahek,Patel,Mahek Patel,,Mahek's Family,Groom,,,,,,,,"Mahek’s Vidhi & Haaldi, Wedding, Reception"
224,Mahendra,Patel,Mahendra Patel,,Saumya's Family Friend,Bride,,,,,,,,"Saumya's Vidhi & Haaldi, Wedding"
224,Savitaben,Patel,Savitaben Patel,Mahendra Patel,Saumya's Family Friend,Bride,,,,,,,,"Saumya's Vidhi & Haaldi, Wedding"
225,Mahendrabhai,Patel,Mahendrabhai Patel,,Saumya's Family,Bride,prisharani@gmail.com,,"Chesapeake, Virginia",,,,,"Saumya's Vidhi & Haaldi, Wedding"
225,Jyosthnaben,Patel,Jyosthnaben Patel,Mahendrabhai Patel,Saumya's Family,Bride,prisharani@gmail.com,,"Chesapeake, Virginia",,,,,"Saumya's Vidhi & Haaldi, Wedding"
226,Mahendrabhai,Patel,Mahendrabhai Patel,,Mahek's Family Friend,Groom,,,"3519 Pleasant Road, Fort Mill, South Carolina 29708",,,,,"Mahek’s Vidhi & Haaldi, Wedding"
226,Purnimaben,Patel,Purnimaben Patel,Mahendrabhai Patel,Mahek's Family Friend,Groom,,,"3519 Pleasant Road, Fort Mill, South Carolina 29708",,,,,"Mahek’s Vidhi & Haaldi, Wedding"
227,Maitri,Patel,Maitri Patel,,Saumya's Friend,Bride,Maitri417@gmail.com,(732) 501-2712,,,,,,"Saumya's Vidhi & Haaldi, Wedding, Reception"
227,Himanshu,Patel,Himanshu Patel,Maitri Patel,Saumya's Friend,Bride,Maitri417@gmail.com,(732) 501-2712,,,,,,"Saumya's Vidhi & Haaldi, Wedding, Reception"
228,Mamtaben,Patel,Mamtaben Patel,,Saumya's Family Friend,Bride,mamta151168@gmail.com,,Mississippi,,,,,"Saumya's Vidhi & Haaldi, Wedding"
228,Nandubhai,Patel,Nandubhai Patel,Mamtaben Patel,Saumya's Family Friend,Bride,mamta151168@gmail.com,,Mississippi,,,,,"Saumya's Vidhi & Haaldi, Wedding"
229,Manhar,Patel,Manhar Patel,,Saumya's Family Friend,Bride,bindiyapatel05@gmail.com,(757) 947-5033,"Smithfield, Virginia",,,,,"Saumya's Vidhi & Haaldi, Wedding, Reception"
229,Gitaben,Patel,Gitaben Patel,Manhar Patel,Saumya's Family Friend,Bride,bindiyapatel05@gmail.com,(757) 947-5033,"Smithfield, Virginia",,,,,"Saumya's Vidhi & Haaldi, Wedding, Reception"
230,Manhar,Patel,Manhar Patel,,Mahek's Family,Groom,patelpurva702@gmail.com,(856) 524-2234,"122 Sloane Dr., APT I, Glen Burnie, Maryland 02160",,,,,"Mahek’s Vidhi & Haaldi, Wedding, Reception"
230,Ramila,Patel,Ramila Patel,Manhar Patel,Mahek's Family,Groom,patelpurva702@gmail.com,(856) 524-2234,"122 Sloane Dr., APT I, Glen Burnie, Maryland 02160",,,,,"Mahek’s Vidhi & Haaldi, Wedding, Reception"
231,Manish,Patel,Manish Patel,,Saumya's Family,Bride,mdpatel_2001@outlook.com,(862) 252-5036,"Parsipanny, New Jersey",,,,,"Saumya's Vidhi & Haaldi, Wedding, Reception"
231,Dimple,Patel,Dimple Patel,Manish Patel,Saumya's Family,Bride,mdpatel_2001@outlook.com,(862) 252-5036,"Parsipanny, New Jersey",,,,,"Saumya's Vidhi & Haaldi, Wedding, Reception"
232,Manish,Patel,Manish Patel,,Saumya's Family,Bride,,,,,,,,"Saumya's Vidhi & Haaldi, Wedding, Reception"
232,Komal,Patel,Komal Patel,Manish Patel,Saumya's Family,Bride,,,,,,,,"Saumya's Vidhi & Haaldi, Wedding, Reception"
233,Manjula,Patel,Manjula Patel,,Mahek's Family Friend,Groom,,,,,,,,"Mahek’s Vidhi & Haaldi, Wedding"
233,Nilesh,Patel,Nilesh Patel,Manjula Patel,Mahek's Family Friend,Groom,,,,,,,,"Mahek’s Vidhi & Haaldi, Wedding"
234,Manoj,Patel,Manoj Patel,,Mahek's Friend,Groom,Mrp1311@gmail.com,(910) 691-3999,,,,,,"Mahek’s Vidhi & Haaldi, Wedding, Reception"
234,Nimisha,Patel,Nimisha Patel,Manoj Patel,Mahek's Friend,Groom,Mrp1311@gmail.com,(910) 691-3999,,,,,,"Mahek’s Vidhi & Haaldi, Wedding, Reception"
235,Manoj,Patel,Manoj Patel,,Saumya's Family Friend,Bride,,,,,,,,"Saumya's Vidhi & Haaldi, Wedding"
235,Parul,Patel,Parul Patel,Manoj Patel,Saumya's Family Friend,Bride,,,,,,,,"Saumya's Vidhi & Haaldi, Wedding"
236,Manushi,Patel,Manushi Patel,,Saumya's Friend,Bride,,(832) 513-3620,Texas,,,,,"Saumya's Vidhi & Haaldi, Wedding, Reception"
236,Sapan,Patel,Sapan Patel,Manushi Patel,Saumya's Friend,Bride,,(832) 513-3620,Texas,,,,,"Saumya's Vidhi & Haaldi, Wedding, Reception"
237,Marut,Patel,Marut Patel,,Mahek's Friend,Groom,marutpatel517@gmail.com,(336) 467-3414,"2112 Flagstone Ct, Unit C1, Greenville, North Carolina 27834",,,,,"Mahek’s Vidhi & Haaldi, Wedding, Reception"
237,Minu,Patel,Minu Patel,Marut Patel,Mahek's Friend,Groom,marutpatel517@gmail.com,(336) 467-3414,"2112 Flagstone Ct, Unit C1, Greenville, North Carolina 27834",,,,,"Mahek’s Vidhi & Haaldi, Wedding, Reception"
238,Maulik,Patel,Maulik Patel,,Saumya's Family,Bride,Maulik.s88@gmail.com,(216) 577-1206,Ohio,,,,,"Saumya's Vidhi & Haaldi, Wedding, Reception"
238,Sujata,Patel,Sujata Patel,Maulik Patel,Saumya's Family,Bride,Maulik.s88@gmail.com,(216) 577-1206,Ohio,,,,,"Saumya's Vidhi & Haaldi, Wedding, Reception"
239,Mayank,Patel,Mayank Patel,,Saumya's Family Friend,Bride,mpatel.1887@gmail.com,,Canada,,,,,"Saumya's Vidhi & Haaldi, Wedding, Reception"
239,Upasana,Patel,Upasana Patel,Mayank Patel,Saumya's Family Friend,Bride,mpatel.1887@gmail.com,,Canada,,,,,"Saumya's Vidhi & Haaldi, Wedding, Reception"
240,Mayur,Patel,Mayur Patel,,Mahek's Friend,Groom,Yuri4568@gmail.com,(704) 649-5551,"7903 Hereford St, Charlotte, North Carolina 28213",,,,,"Mahek’s Vidhi & Haaldi, Wedding, Reception"
240,Niki,Patel,Niki Patel,Mayur Patel,Mahek's Friend,Groom,Yuri4568@gmail.com,(704) 649-5551,"7903 Hereford St, Charlotte, North Carolina 28213",,,,,"Mahek’s Vidhi & Haaldi, Wedding, Reception"
241,Mayur,Patel,Mayur Patel,,Saumya's Family Friend,Bride,mayur15@hotmail.com,,Canada,,,,,"Saumya's Vidhi & Haaldi, Wedding, Reception"
241,Jingal,Patel,Jingal Patel,Mayur Patel,Saumya's Family Friend,Bride,mayur15@hotmail.com,,Canada,,,,,"Saumya's Vidhi & Haaldi, Wedding, Reception"
242,Meena,Patel,Meena Patel,,Saumya's Family Friend,Bride,minime1953@gmail.com,,Virginia,,,,,"Saumya's Vidhi & Haaldi, Wedding, Reception"
243,Mehul,Patel,Mehul Patel,,Mahek's Family Friend,Groom,mehulpatel07@gmail.com,(704) 965-2207,"1031 Kalli Dr, Stallings, North Carolina 28104",,,,,"Mahek’s Vidhi & Haaldi, Wedding"
244,Mihir,Patel,Mihir Patel,,Saumya's Family Friend,Bride,mihirnj@gmail.com,,New Jersey,,,,,"Saumya's Vidhi & Haaldi, Wedding"
244,Neelamben,Patel,Neelamben Patel,Mihir Patel,Saumya's Family Friend,Bride,mihirnj@gmail.com,,New Jersey,,,,,"Saumya's Vidhi & Haaldi, Wedding"
245,Mihir,Patel,Mihir Patel,,Saumya's Family,Bride,,,,,,,,"Saumya's Vidhi & Haaldi, Wedding, Reception"
245,Komal,Patel,Komal Patel,Mihir Patel,Saumya's Family,Bride,,,,,,,,"Saumya's Vidhi & Haaldi, Wedding, Reception"
246,Mihir,Patel,Mihir Patel,,Mahek's Friend,Groom,mihirpkpatel@gmail.com,(201) 745-0303,"897 Merritt Dr, Apt E, Hillsborough Township, New Jersey 08844",,,,,"Mahek’s Vidhi & Haaldi, Wedding, Reception"
246,Prutha,Patel,Prutha Patel,Mihir Patel,Mahek's Friend,Groom,mihirpkpatel@gmail.com,(201) 745-0303,"897 Merritt Dr, Apt E, Hillsborough Township, New Jersey 08844",,,,,"Mahek’s Vidhi & Haaldi, Wedding, Reception"
247,Milan,Patel,Milan Patel,,Mahek's Family,Groom,,(908) 337-9962,,,,,,"Mahek’s Vidhi & Haaldi, Wedding, Reception"
247,Jasmeen,Patel,Jasmeen Patel,Milan Patel,Mahek's Family,Groom,,(908) 337-9962,,,,,,"Mahek’s Vidhi & Haaldi, Wedding, Reception"
248,Minkesh,Patel,Minkesh Patel,,Mahek's Family Friend,Groom,minkesh@gmail.com,(704) 909-1099,"177 Marron Drive, Indian Trail, North Carolina 28079",,,,,"Mahek’s Vidhi & Haaldi, Wedding"
249,Mitul,Patel,Mitul Patel,,Mahek's Family Friend,Groom,,(704) 651-3351,,,,,,"Mahek’s Vidhi & Haaldi, Wedding"
249,Nilam,Patel,Nilam Patel,Mitul Patel,Mahek's Family Friend,Groom,,(704) 651-3351,,,,,,"Mahek’s Vidhi & Haaldi, Wedding"
250,Moni,Patel,Moni Patel,,Saumya's Family,Bride,,,,,,,,"Saumya's Vidhi & Haaldi, Wedding, Reception"
250,Freni,Patel,Freni Patel,Moni Patel,Saumya's Family,Bride,,,,,,,,"Saumya's Vidhi & Haaldi, Wedding, Reception"
251,Monil,Patel,Monil Patel,,Mahek's Friend,Groom,mpatel1014@gmail.com,(828) 551-0272,"3716 Highland Castle Way, Charlotte, North Carolina 28270",,,,,"Mahek’s Vidhi & Haaldi, Wedding, Reception"
251,Madhuri,Patel,Madhuri Patel,Monil Patel,Mahek's Friend,Groom,mpatel1014@gmail.com,(828) 551-0272,"3716 Highland Castle Way, Charlotte, North Carolina 28270",,,,,"Mahek’s Vidhi & Haaldi, Wedding, Reception"
252,Mukesh,Patel,Mukesh Patel,,Saumya's Family Friend,Bride,pmukesh17@yahoo.com,,New Jersey,,,,,"Saumya's Vidhi & Haaldi, Wedding"
252,Jyoti,Patel,Jyoti Patel,Mukesh Patel,Saumya's Family Friend,Bride,pmukesh17@yahoo.com,,New Jersey,,,,,"Saumya's Vidhi & Haaldi, Wedding"
253,Mukesh,Patel,Mukesh Patel,,Mahek's Family Friend,Groom,,(919) 693-4400,"1033 North Madison Blvd, Roxboro, North Carolina 27573",,,,,"Mahek’s Vidhi & Haaldi, Wedding, Reception"
253,Kumud,Patel,Kumud Patel,Mukesh Patel,Mahek's Family Friend,Groom,,(919) 693-4400,"1033 North Madison Blvd, Roxboro, North Carolina 27573",,,,,"Mahek’s Vidhi & Haaldi, Wedding, Reception"
254,Naimik,Patel,Naimik Patel,,Mahek's Friend,Groom,naimikp@gmail.com,(864) 382-7326,"1504 Shrewsbury Dr, Bensalem, Pennsylvania 19020",,,,,"Mahek’s Vidhi & Haaldi, Wedding, Reception"
254,Pooja,Patel,Pooja Patel,Naimik Patel,Mahek's Friend,Groom,naimikp@gmail.com,(864) 382-7326,"1504 Shrewsbury Dr, Bensalem, Pennsylvania 19020",,,,,"Mahek’s Vidhi & Haaldi, Wedding, Reception"
255,Narendra,Patel,Narendra Patel,,Saumya's Family,Bride,prisharani@gmail.com,,,,,,,"Saumya's Vidhi & Haaldi, Wedding"
255,Manjulaben,Patel,Manjulaben Patel,Narendra Patel,Saumya's Family,Bride,prisharani@gmail.com,,,,,,,"Saumya's Vidhi & Haaldi, Wedding"
256,Natubhai,Patel,Natubhai Patel,,Mahek's Family Friend,Groom,Patelj3110@gmail.com,,,,,,,"Mahek’s Vidhi & Haaldi, Wedding"
256,Shardhaba,Patel,Shardhaba Patel,Natubhai Patel,Mahek's Family Friend,Groom,Patelj3110@gmail.com,,,,,,,"Mahek’s Vidhi & Haaldi, Wedding"
257,Natudada,Patel,Natudada Patel,,Mahek's Family,Groom,natup1942@gmail.com,,"14003 bordley place, Huntersville, North Carolina 28078",,,,,"Mahek’s Vidhi & Haaldi, Wedding, Reception"
257,Lalitaben,Patel,Lalitaben Patel,Natudada Patel,Mahek's Family,Groom,natup1942@gmail.com,,"14003 bordley place, Huntersville, North Carolina 28078",,,,,"Mahek’s Vidhi & Haaldi, Wedding, Reception"
258,Neal,Patel,Neal Patel,,Mahek's Friend,Groom,Nealap1994@gmail.com,(205) 902-7410,"1008 Highland Gate Court, Hoover, Alabama 35244",,,,,"Mahek’s Vidhi & Haaldi, Wedding, Reception"
258,Kruti,Patel,Kruti Patel,Neal Patel,Mahek's Friend,Groom,Nealap1994@gmail.com,(205) 902-7410,"1008 Highland Gate Court, Hoover, Alabama 35244",,,,,"Mahek’s Vidhi & Haaldi, Wedding, Reception"
259,Neel,Patel,Neel Patel,,Mahek's Friend,Groom,neelypatel95@gmail.com,(863) 529-5060,"3651 Capital Reserve Dr, Plant City, Florida 33565",,,,,"Mahek’s Vidhi & Haaldi, Wedding, Reception"
259,Khusbu,Patel,Khusbu Patel,Neel Patel,Mahek's Friend,Groom,neelypatel95@gmail.com,(863) 529-5060,"3651 Capital Reserve Dr, Plant City, Florida 33565",,,,,"Mahek’s Vidhi & Haaldi, Wedding, Reception"
260,Neelam,Patel,Neelam Patel,,Saumya's Family,Bride,,,California,,,,,"Saumya's Vidhi & Haaldi, Wedding, Reception"
260,Jaynil,Patel,Jaynil Patel,Neelam Patel,Saumya's Family,Bride,,,California,,,,,"Saumya's Vidhi & Haaldi, Wedding, Reception"
261,Neelam,Patel,Neelam Patel,,Saumya's Friend,Bride,nerlamp1907@gmail.com,(919) 592-3154,,,,,,"Saumya's Vidhi & Haaldi, Wedding, Reception"
261,Hitesh,Patel,Hitesh Patel,Neelam Patel,Saumya's Friend,Bride,nerlamp1907@gmail.com,(919) 592-3154,,,,,,"Saumya's Vidhi & Haaldi, Wedding, Reception"
262,Nehal,Patel,Nehal Patel,,Mahek's Friend,Groom,nehal51086@gmail.com,(704) 618-0775,"1810 Therrell Farms Rd, Waxhaw, North Carolina 28173",,,,,"Mahek’s Vidhi & Haaldi, Wedding, Reception"
262,Sonal,Patel,Sonal Patel,Nehal Patel,Mahek's Friend,Groom,nehal51086@gmail.com,(704) 618-0775,"1810 Therrell Farms Rd, Waxhaw, North Carolina 28173",,,,,"Mahek’s Vidhi & Haaldi, Wedding, Reception"
263,Nehal,Patel,Nehal Patel,,Saumya's Family,Bride,,(732) 491-3564,California,,,,,"Saumya's Vidhi & Haaldi, Wedding, Reception"
263,Harshal,Patel,Harshal Patel,Nehal Patel,Saumya's Family,Bride,,(732) 491-3564,California,,,,,"Saumya's Vidhi & Haaldi, Wedding, Reception"
264,Neil,Patel,Neil Patel,,Mahek's Friend,Groom,njpatel051@gmail.com,(910) 331-4382,"9223 Raven Top Dr, Mint Hill, North Carolina 28227",,,,,"Mahek’s Vidhi & Haaldi, Wedding, Reception"
264,Krishma,Patel,Krishma Patel,Neil Patel,Mahek's Friend,Groom,njpatel051@gmail.com,(910) 331-4382,"9223 Raven Top Dr, Mint Hill, North Carolina 28227",,,,,"Mahek’s Vidhi & Haaldi, Wedding, Reception"
265,Nikhil,Patel,Nikhil Patel,,Mahek's Friend,Groom,Nickpatel78@gmail.com,(704) 301-0008,"9016 Tamarron Dr, Charlotte, North Carolina 28277",,,,,"Mahek’s Vidhi & Haaldi, Wedding, Reception"
265,Sunita,Patel,Sunita Patel,Nikhil Patel,Mahek's Friend,Groom,Nickpatel78@gmail.com,(704) 301-0008,"9016 Tamarron Dr, Charlotte, North Carolina 28277",,,,,"Mahek’s Vidhi & Haaldi, Wedding, Reception"
266,Nikunj,Patel,Nikunj Patel,,Saumya's Family Friend,Bride,nick8792@gmail.com,,"Hampton, Virginia",,,,,"Saumya's Vidhi & Haaldi, Wedding, Reception"
266,Kinjal,Patel,Kinjal Patel,Nikunj Patel,Saumya's Family Friend,Bride,nick8792@gmail.com,,"Hampton, Virginia",,,,,"Saumya's Vidhi & Haaldi, Wedding, Reception"
267,Nilesh,Patel,Nilesh Patel,,Mahek's Friend,Groom,photographybyneil@gmail.com,(909) 563-0966,"14888 Foothill Blvd, Fontanan, California 92335",,,,,"Mahek’s Vidhi & Haaldi, Wedding, Reception"
268,Niral,Patel,Niral Patel,,Mahek's Friend,Groom,,(864) 209-2882,,,,,,"Mahek’s Vidhi & Haaldi, Wedding, Reception"
268,Kaushali,Thakkar,Kaushali Thakkar,Niral Patel,Mahek's Friend,Groom,,(864) 209-2882,,,,,,"Mahek’s Vidhi & Haaldi, Wedding, Reception"
269,Nitin,Patel,Nitin Patel,,Saumya's Family,Bride,Neela.patel31@gmail.com,,,,,,,"Saumya's Vidhi & Haaldi, Wedding, Reception"
269,Neela,Patel,Neela Patel,Nitin Patel,Saumya's Family,Bride,Neela.patel31@gmail.com,,,,,,,"Saumya's Vidhi & Haaldi, Wedding, Reception"
270,Nurpal,Patel,Nurpal Patel,,Saumya's Family Friend,Bride,,,California,,,,,"Saumya's Vidhi & Haaldi, Wedding, Reception"
270,Manjulaben,Patel,Manjulaben Patel,Nurpal Patel,Saumya's Family Friend,Bride,,,California,,,,,"Saumya's Vidhi & Haaldi, Wedding, Reception"
271,Pankaj,Patel,Pankaj Patel,,Mahek's Family Friend,Groom,allcarcarepk@gmail.com,(704) 254-2573,"2816 Iveywood Dr, Monroe, North Carolina 28110",,,,,"Mahek’s Vidhi & Haaldi, Wedding"
272,Pankaj,Patel,Pankaj Patel,,Mahek's Family Friend,Groom,,(980) 298-7185,,,,,,"Mahek’s Vidhi & Haaldi, Wedding"
272,Nila,Patel,Nila Patel,Pankaj Patel,Mahek's Family Friend,Groom,,(980) 298-7185,,,,,,"Mahek’s Vidhi & Haaldi, Wedding"
273,Pankil,Patel,Pankil Patel,,Mahek's Friend,Groom,,(704) 443-1999,,,,,,"Mahek’s Vidhi & Haaldi, Wedding, Reception"
273,Hasina,Patel,Hasina Patel,Pankil Patel,Mahek's Friend,Groom,,(704) 443-1999,,,,,,"Mahek’s Vidhi & Haaldi, Wedding, Reception"
274,Paresh,Patel,Paresh Patel,,Mahek's Family,Groom,Prayosa2003@yahoo.com,(803) 804-4596,"1208 Kent Dr, Lancaster, South Carolina 29720",,,,,"Mahek’s Vidhi & Haaldi, Wedding, Reception"
274,Sunita,Patel,Sunita Patel,Paresh Patel,Mahek's Family,Groom,Prayosa2003@yahoo.com,(803) 804-4596,"1208 Kent Dr, Lancaster, South Carolina 29720",,,,,"Mahek’s Vidhi & Haaldi, Wedding, Reception"
275,Parin,Patel,Parin Patel,,Saumya's Family Friend,Bride,parin.patel89@gmail.com,(732) 692-4788,"Newport News, Virginia",,,,,"Saumya's Vidhi & Haaldi, Wedding, Reception"
275,Nikul,Patel,Nikul Patel,Parin Patel,Saumya's Family Friend,Bride,parin.patel89@gmail.com,(732) 692-4788,"Newport News, Virginia",,,,,"Saumya's Vidhi & Haaldi, Wedding, Reception"
276,Parin,Patel,Parin Patel,,Mahek's Family,Groom,khushboopatel229@gmail.com,(856) 505-9561,"9347 Banes St, APT A, Philadelphia, Pennsylvania 19115",,,,,"Mahek’s Vidhi & Haaldi, Wedding, Reception"
276,Khushboo,Patel,Khushboo Patel,Parin Patel,Mahek's Family,Groom,khushboopatel229@gmail.com,(856) 505-9561,"9347 Banes St, APT A, Philadelphia, Pennsylvania 19115",,,,,"Mahek’s Vidhi & Haaldi, Wedding, Reception"
277,Parth,Patel,Parth Patel,,Mahek's Friend,Groom,patelp012@gmail.com,(201) 320-3531,"136 Pergola Ave, Monroe Township, New Jersey 08831",,,,,"Mahek’s Vidhi & Haaldi, Wedding, Reception"
277,Manisha,Patel,Manisha Patel,Parth Patel,Mahek's Friend,Groom,patelp012@gmail.com,(201) 320-3531,"136 Pergola Ave, Monroe Township, New Jersey 08831",,,,,"Mahek’s Vidhi & Haaldi, Wedding, Reception"
278,Parth,Patel,Parth Patel,,Mahek's Friend,Groom,pxrth.pxtel@gmail.com,(731) 313-9499,"13633 Roderick Dr, Huntersville, North Carolina 28078",,,,,"Mahek’s Vidhi & Haaldi, Wedding, Reception"
279,Patitbhai,Patel,Patitbhai Patel,,Saumya's Family Friend,Bride,Patelkrish1983@gmail.com,,,,,,,"Saumya's Vidhi & Haaldi, Wedding"
279,Sudhaben,Patel,Sudhaben Patel,Patitbhai Patel,Saumya's Family Friend,Bride,Patelkrish1983@gmail.com,,,,,,,"Saumya's Vidhi & Haaldi, Wedding"
280,Poojan,Patel,Poojan Patel,,Saumya's Family,Bride,poojan8788@gmail.com,(469) 937-0990,Texas,,,,,"Saumya's Vidhi & Haaldi, Wedding"
281,Prabodbhai,Patel,Prabodbhai Patel,,Mahek's Family Friend,Groom,,(828) 406-1384,"1317 Hemby Place Dr, Weddington, North Carolina 28104",,,,,"Mahek’s Vidhi & Haaldi, Wedding"
281,Mayuriben,Patel,Mayuriben Patel,Prabodbhai Patel,Mahek's Family Friend,Groom,,(828) 406-1384,"1317 Hemby Place Dr, Weddington, North Carolina 28104",,,,,"Mahek’s Vidhi & Haaldi, Wedding"
282,Prahladbhai,Patel,Prahladbhai Patel,,Saumya's Family Friend,Bride,ajaypatel0990@gmail.com,,"Suffolk, Virginia",,,,,"Saumya's Vidhi & Haaldi, Wedding"
282,Kailashben,Patel,Kailashben Patel,Prahladbhai Patel,Saumya's Family Friend,Bride,ajaypatel0990@gmail.com,,"Suffolk, Virginia",,,,,"Saumya's Vidhi & Haaldi, Wedding"
283,Prakashbhai,Patel,Prakashbhai Patel,,Saumya's Family Friend,Bride,,,Illinois,,,,,"Saumya's Vidhi & Haaldi, Wedding, Reception"
283,Hemaben,Patel,Hemaben Patel,Prakashbhai Patel,Saumya's Family Friend,Bride,,,Illinois,,,,,"Saumya's Vidhi & Haaldi, Wedding, Reception"
284,Pranav,Patel,Pranav Patel,,Mahek's Friend,Groom,PranavPatel30@gmail.com,(361) 455-6286,"3118 Highbury Pl, Weddington, North Carolina 28104",,,,,"Mahek’s Vidhi & Haaldi, Wedding, Reception"
284,Sheetal,Patel,Sheetal Patel,Pranav Patel,Mahek's Friend,Groom,PranavPatel30@gmail.com,(361) 455-6286,"3118 Highbury Pl, Weddington, North Carolina 28104",,,,,"Mahek’s Vidhi & Haaldi, Wedding, Reception"
285,Pravin,Patel,Pravin Patel,,Mahek's Family Friend,Groom,,,,,,,,"Mahek’s Vidhi & Haaldi, Wedding"
285,Shaku,Patel,Shaku Patel,Pravin Patel,Mahek's Family Friend,Groom,,,,,,,,"Mahek’s Vidhi & Haaldi, Wedding"
286,Prem,Patel,Prem Patel,,Mahek's Friend,Groom,Prem@apexmillworx.com,(704) 458-6268,,,,,,"Mahek’s Vidhi & Haaldi, Wedding, Reception"
286,Shruti,Patel,Shruti Patel,Prem Patel,Mahek's Friend,Groom,Prem@apexmillworx.com,(704) 458-6268,,,,,,"Mahek’s Vidhi & Haaldi, Wedding, Reception"
287,Preyesha,Patel,Preyesha Patel,,Mahek's Family Friend,Groom,preyashapatel2328@gmail.com,(346) 434-9108,"11405 Tara Pl, Pearland, Texas 77584",,,,,"Mahek’s Vidhi & Haaldi, Wedding, Reception"
287,Priyank,Patel,Priyank Patel,Preyesha Patel,Mahek's Family Friend,Groom,preyashapatel2328@gmail.com,(346) 434-9108,"11405 Tara Pl, Pearland, Texas 77584",,,,,"Mahek’s Vidhi & Haaldi, Wedding, Reception"
288,Prinesh,Patel,Prinesh Patel,,Mahek's Friend,Groom,srpatel26@gmail.com,(828) 446-8064,"5020 Woodview Ln, Matthews, North Carolina 28104",,,,,"Mahek’s Vidhi & Haaldi, Wedding, Reception"
288,Shivani,Patel,Shivani Patel,Prinesh Patel,Mahek's Friend,Groom,srpatel26@gmail.com,(828) 446-8064,"5020 Woodview Ln, Matthews, North Carolina 28104",,,,,"Mahek’s Vidhi & Haaldi, Wedding, Reception"
289,Pritash,Patel,Pritash Patel,,Mahek's Wedding Party,Groom,yanishaandpritash@gmail.com,(704) 650-5342,"625 South Elliott Road, Apt 55, Chapel Hill, North Carolina 27517",,,,,"Mahek’s Vidhi & Haaldi, Wedding, Reception"
289,Yanisha,Patel,Yanisha Patel,Pritash Patel,Mahek's Wedding Party,Groom,yanishaandpritash@gmail.com,(704) 650-5342,"625 South Elliott Road, Apt 55, Chapel Hill, North Carolina 27517",,,,,"Mahek’s Vidhi & Haaldi, Wedding, Reception"
290,Priyanka,Patel,Priyanka Patel,,Saumya's Friend,Bride,Patelpiya711@gmail.com,(609) 540-2303,,,,,,"Saumya's Vidhi & Haaldi, Wedding, Reception"
290,Pritiben,Patel,Pritiben Patel,Priyanka Patel,Saumya's Friend,Bride,Patelpiya711@gmail.com,(609) 540-2303,,,,,,"Saumya's Vidhi & Haaldi, Wedding, Reception"
291,Pruthu,Patel,Pruthu Patel,,Mahek's Wedding Party,Groom,pruthupatel1@gmail.com,(828) 855-7178,"4236 E Trails End Rd, Hamptonville, North Carolina 27020",,,,,"Mahek’s Vidhi & Haaldi, Wedding, Reception"
292,Pruthvi,Patel,Pruthvi Patel,,Saumya's Family Friend,Bride,pruthvip2007@yahoo.com,(757) 303-1080,"Dallas, Texas",,,,,"Saumya's Vidhi & Haaldi, Wedding, Reception"
292,Akshat,Patel,Akshat Patel,Pruthvi Patel,Saumya's Family Friend,Bride,pruthvip2007@yahoo.com,(757) 303-1080,"Dallas, Texas",,,,,"Saumya's Vidhi & Haaldi, Wedding, Reception"
293,Purshottam,Patel,Purshottam Patel,,Saumya's Family,Bride,,,,,,,,"Saumya's Vidhi & Haaldi, Wedding, Reception"
293,Manjulaben,Patel,Manjulaben Patel,Purshottam Patel,Saumya's Family,Bride,,,,,,,,"Saumya's Vidhi & Haaldi, Wedding, Reception"
294,Raj,Patel,Raj Patel,,Saumya's Family,Bride,neetarpatel1962@gmail.com,,,,,,,"Saumya's Vidhi & Haaldi, Wedding, Reception"
294,Neeta,Patel,Neeta Patel,Raj Patel,Saumya's Family,Bride,neetarpatel1962@gmail.com,,,,,,,"Saumya's Vidhi & Haaldi, Wedding, Reception"
295,Raj,Patel,Raj Patel,,Mahek's Friend,Groom,rajpatel93@gmail.com,(704) 607-8074,"4333 N Interstate Ave, Portland, Oregon 97217",,,,,"Mahek’s Vidhi & Haaldi, Wedding, Reception"
295,Anisha,Patel,Anisha Patel,Raj Patel,Mahek's Friend,Groom,rajpatel93@gmail.com,(704) 607-8074,"4333 N Interstate Ave, Portland, Oregon 97217",,,,,"Mahek’s Vidhi & Haaldi, Wedding, Reception"
296,Rajal,Patel,Rajal Patel,,Mahek's Family,Groom,patel_rajal@hotmail.com,(561) 706-5226,"5038 Benwich Ally, Orlando, Florida 32814",,,,,"Mahek’s Vidhi & Haaldi, Wedding, Reception"
296,Jay,Vachhani,Jay Vachhani,Rajal Patel,Mahek's Family,Groom,patel_rajal@hotmail.com,(561) 706-5226,"5038 Benwich Ally, Orlando, Florida 32814",,,,,"Mahek’s Vidhi & Haaldi, Wedding, Reception"
297,Rajan,Patel,Rajan Patel,,Mahek's Wedding Party,Groom,Rpatel@mthrealestate.com,(980) 721-6081,"5016 Tremont Dr, Indian Trail, North Carolina 28079",,,,,"Mahek’s Vidhi & Haaldi, Wedding, Reception"
297,Gauri,Patel,Gauri Patel,Rajan Patel,Mahek's Wedding Party,Groom,Rpatel@mthrealestate.com,(980) 721-6081,"5016 Tremont Dr, Indian Trail, North Carolina 28079",,,,,"Mahek’s Vidhi & Haaldi, Wedding, Reception"
298,Rajeshbhai,Patel,Rajeshbhai Patel,,Mahek's Family Friend,Groom,ekajasha@gmail.com,(336) 601-6418,,,,,,"Mahek’s Vidhi & Haaldi, Wedding"
298,Sadhana,Patel,Sadhana Patel,Rajeshbhai Patel,Mahek's Family Friend,Groom,ekajasha@gmail.com,(336) 601-6418,,,,,,"Mahek’s Vidhi & Haaldi, Wedding"
299,Rajnibhai,Patel,Rajnibhai Patel,,Mahek's Family Friend,Groom,,,,,,,,"Mahek’s Vidhi & Haaldi, Wedding"
299,Naynaben,Patel,Naynaben Patel,Rajnibhai Patel,Mahek's Family Friend,Groom,,,,,,,,"Mahek’s Vidhi & Haaldi, Wedding"
300,Rajnikant,Patel,Rajnikant Patel,,Saumya's Family,Bride,,,,,,,,"Saumya's Vidhi & Haaldi, Wedding, Reception"
300,Paresha,Patel,Paresha Patel,Rajnikant Patel,Saumya's Family,Bride,,,,,,,,"Saumya's Vidhi & Haaldi, Wedding, Reception"
301,Raju,Patel,Raju Patel,,Saumya's Family Friend,Bride,Shan4patel@yahoo.com,,"Parsipany, New Jersey",,,,,"Saumya's Vidhi & Haaldi, Wedding, Reception"
301,Neelaben,Patel,Neelaben Patel,Raju Patel,Saumya's Family Friend,Bride,Shan4patel@yahoo.com,,"Parsipany, New Jersey",,,,,"Saumya's Vidhi & Haaldi, Wedding, Reception"
302,Rajubhai,Patel,Rajubhai Patel,,Saumya's Family Friend,Bride,,,Virginia,,,,,"Saumya's Vidhi & Haaldi, Wedding"
302,Lalitaben,Patel,Lalitaben Patel,Rajubhai Patel,Saumya's Family Friend,Bride,,,Virginia,,,,,"Saumya's Vidhi & Haaldi, Wedding"
303,Rakesh,Patel,Rakesh Patel,,Mahek's Friend,Groom,llrakeshll@gmail.com,(909) 306-4496,"8099 Gulfstream St, Chino, California 91708",,,,,"Mahek’s Vidhi & Haaldi, Wedding, Reception"
303,Bindi,Patel,Bindi Patel,Rakesh Patel,Mahek's Friend,Groom,llrakeshll@gmail.com,(909) 306-4496,"8099 Gulfstream St, Chino, California 91708",,,,,"Mahek’s Vidhi & Haaldi, Wedding, Reception"
304,Rakesh,Patel,Rakesh Patel,,Mahek's Friend,Groom,rakesh4bapa@gmail.com,(909) 895-9260,"8291 Regency St, La Palma, California 90623",,,,,"Mahek’s Vidhi & Haaldi, Wedding, Reception"
304,Jayshree,Patel,Jayshree Patel,Rakesh Patel,Mahek's Friend,Groom,rakesh4bapa@gmail.com,(909) 895-9260,"8291 Regency St, La Palma, California 90623",,,,,"Mahek’s Vidhi & Haaldi, Wedding, Reception"
305,Rakesh,Patel,Rakesh Patel,,Saumya's Family Friend,Bride,,,,,,,,"Saumya's Vidhi & Haaldi, Wedding"
305,Sejal,Patel,Sejal Patel,Rakesh Patel,Saumya's Family Friend,Bride,,,,,,,,"Saumya's Vidhi & Haaldi, Wedding"
306,Rakesh,Patel,Rakesh Patel,,Saumya's Family Friend,Bride,patelneema330@gmail.com,,"Suffolk, Virginia",,,,,"Saumya's Vidhi & Haaldi, Wedding, Reception"
306,Neema,Patel,Neema Patel,Rakesh Patel,Saumya's Family Friend,Bride,patelneema330@gmail.com,,"Suffolk, Virginia",,,,,"Saumya's Vidhi & Haaldi, Wedding, Reception"
307,Ramesh,Patel,Ramesh Patel,,Saumya's Family Friend,Bride,,,"Hampton, Virginia",,,,,Saumya's Vidhi & Haaldi
307,Leelaben,Patel,Leelaben Patel,Ramesh Patel,Saumya's Family Friend,Bride,,,"Hampton, Virginia",,,,,Saumya's Vidhi & Haaldi
308,Ramesh,Patel,Ramesh Patel,,Saumya's Family,Bride,,,,,,,,"Saumya's Vidhi & Haaldi, Wedding, Reception"
308,Ushaben,Patel,Ushaben Patel,Ramesh Patel,Saumya's Family,Bride,,,,,,,,"Saumya's Vidhi & Haaldi, Wedding, Reception"
309,Rameshbhai,Patel,Rameshbhai Patel,,Saumya's Family Friend,Bride,,,"Hampton, Virginia",,,,,"Saumya's Vidhi & Haaldi, Wedding"
309,Pushpaben,Patel,Pushpaben Patel,Rameshbhai Patel,Saumya's Family Friend,Bride,,,"Hampton, Virginia",,,,,"Saumya's Vidhi & Haaldi, Wedding"
310,Rashmibhai,Patel,Rashmibhai Patel,,Saumya's Family Friend,Bride,,,"Williamsburg, Virginia",,,,,"Saumya's Vidhi & Haaldi, Wedding, Reception"
310,Jayshree,Patel,Jayshree Patel,Rashmibhai Patel,Saumya's Family Friend,Bride,,,"Williamsburg, Virginia",,,,,"Saumya's Vidhi & Haaldi, Wedding, Reception"
311,Ravi,Patel,Ravi Patel,,Mahek's Friend,Groom,patelrs41@gmail.com,(704) 281-0469,"1316 Selma Dr, Wesley Chapel, North Carolina 28104",,,,,"Mahek’s Vidhi & Haaldi, Wedding, Reception"
311,Bhavina,Patel,Bhavina Patel,Ravi Patel,Mahek's Friend,Groom,patelrs41@gmail.com,(704) 281-0469,"1316 Selma Dr, Wesley Chapel, North Carolina 28104",,,,,"Mahek’s Vidhi & Haaldi, Wedding, Reception"
312,Ravindra,Patel,Ravindra Patel,,Mahek's Family,Groom,RPATELDOC@YAHOO.COM,(732) 261-4380,"5 Jenna court, Scotchplains, New Jersey 07076",,,,,"Mahek’s Vidhi & Haaldi, Wedding, Reception"
312,Lata,Patel,Lata Patel,Ravindra Patel,Mahek's Family,Groom,RPATELDOC@YAHOO.COM,(732) 261-4380,"5 Jenna court, Scotchplains, New Jersey 07076",,,,,"Mahek’s Vidhi & Haaldi, Wedding, Reception"
313,Ravish,Patel,Ravish Patel,,Saumya's Family,Bride,,,Texas,,,,,"Saumya's Vidhi & Haaldi, Wedding, Reception"
313,Keya,Patel,Keya Patel,Ravish Patel,Saumya's Family,Bride,,,Texas,,,,,"Saumya's Vidhi & Haaldi, Wedding, Reception"
314,Ravji,Patel,Ravji Patel,,Saumya's Family,Bride,,,,,,,,"Saumya's Vidhi & Haaldi, Wedding, Reception"
314,Shardaben,Patel,Shardaben Patel,Ravji Patel,Saumya's Family,Bride,,,,,,,,"Saumya's Vidhi & Haaldi, Wedding, Reception"
315,Rinali,Patel,Rinali Patel,,Mahek's Friend,Groom,patelrinali@gmail.com,(704) 241-9600,"900 18Th St S, Arlington, Virginia 22202",,,,,"Mahek’s Vidhi & Haaldi, Wedding, Reception"
315,Harsh,Patel,Harsh Patel,Rinali Patel,Mahek's Friend,Groom,patelrinali@gmail.com,(704) 241-9600,"900 18Th St S, Arlington, Virginia 22202",,,,,"Mahek’s Vidhi & Haaldi, Wedding, Reception"
316,Rishi,Patel,Rishi Patel,,Mahek's Friend,Groom,Patelrishi2021@gmail.com,(847) 764-9198,"3764 Cantigny Court, Elgin, Illinois 60124",,,,,"Mahek’s Vidhi & Haaldi, Wedding, Reception"
316,Dipali,Patel,Dipali Patel,Rishi Patel,Mahek's Friend,Groom,Patelrishi2021@gmail.com,(847) 764-9198,"3764 Cantigny Court, Elgin, Illinois 60124",,,,,"Mahek’s Vidhi & Haaldi, Wedding, Reception"
317,Rita,Patel,Rita Patel,,Mahek's Family Friend,Groom,,(704) 858-7086,,,,,,"Mahek’s Vidhi & Haaldi, Wedding"
317,Rita,Guest 1,Rita Guest 1,Rita Patel,Mahek's Family Friend,Groom,,(704) 858-7086,,,,,,"Mahek’s Vidhi & Haaldi, Wedding"
318,Rohan,Patel,Rohan Patel,,Saumya's Family Friend,Bride,,,Texas,,,,,"Saumya's Vidhi & Haaldi, Wedding, Reception"
318,Sital,Patel,Sital Patel,Rohan Patel,Saumya's Family Friend,Bride,,,Texas,,,,,"Saumya's Vidhi & Haaldi, Wedding, Reception"
319,Rohit,Patel,Rohit Patel,,Mahek's Family,Groom,carolinacountryinn@yahoo.com,(704) 560-5733,"8514 Hwy 49 North, Mt Pleasant, North Carolina 28124",,,,,"Mahek’s Vidhi & Haaldi, Wedding, Reception"
319,Rita,Patel,Rita Patel,Rohit Patel,Mahek's Family,Groom,carolinacountryinn@yahoo.com,(704) 560-5733,"8514 Hwy 49 North, Mt Pleasant, North Carolina 28124",,,,,"Mahek’s Vidhi & Haaldi, Wedding, Reception"
320,Ronak,Patel,Ronak Patel,,Mahek's Friend,Groom,ronakpatel2010@gmail.com,(803) 804-5375,"5052 Fenwick Court, Lancaster, South Carolina 29720",,,,,"Mahek’s Vidhi & Haaldi, Wedding, Reception"
320,Himani,Patel,Himani Patel,Ronak Patel,Mahek's Friend,Groom,ronakpatel2010@gmail.com,(803) 804-5375,"5052 Fenwick Court, Lancaster, South Carolina 29720",,,,,"Mahek’s Vidhi & Haaldi, Wedding, Reception"
321,Ronak,Patel,Ronak Patel,,Mahek's Friend,Groom,ronak1998@gmail.com,(919) 434-6451,"4320 Langston Blvd, Apt 77, Arlington, Virginia 22207",,,,,"Mahek’s Vidhi & Haaldi, Wedding, Reception"
321,Janvi,Patel,Janvi Patel,Ronak Patel,Mahek's Friend,Groom,ronak1998@gmail.com,(919) 434-6451,"4320 Langston Blvd, Apt 77, Arlington, Virginia 22207",,,,,"Mahek’s Vidhi & Haaldi, Wedding, Reception"
322,Ronak,Patel,Ronak Patel,,Mahek's Family,Groom,kins.patel34@gmail.com,(973) 722-1288,"3 Peach ct, Edison, New Jersey 08817",,,,,"Mahek’s Vidhi & Haaldi, Wedding, Reception"
322,Kinjal,Patel,Kinjal Patel,Ronak Patel,Mahek's Family,Groom,kins.patel34@gmail.com,(973) 722-1288,"3 Peach ct, Edison, New Jersey 08817",,,,,"Mahek’s Vidhi & Haaldi, Wedding, Reception"
323,Runjal,Patel,Runjal Patel,,Saumya's Family Friend,Bride,Runjal@Gmail.com,,,,,,,"Saumya's Vidhi & Haaldi, Wedding"
323,Kirti,Patel,Kirti Patel,Runjal Patel,Saumya's Family Friend,Bride,Runjal@Gmail.com,,,,,,,"Saumya's Vidhi & Haaldi, Wedding"
324,Rupesh,Patel,Rupesh Patel,,Mahek's Family,Groom,kamaxi15@yahoo.com,(815) 451-8047,"811 Georgeann Ct, Marengo, Illinois 60152",,,,,"Mahek’s Vidhi & Haaldi, Wedding, Reception"
324,Kamaxi,Patel,Kamaxi Patel,Rupesh Patel,Mahek's Family,Groom,kamaxi15@yahoo.com,(815) 451-8047,"811 Georgeann Ct, Marengo, Illinois 60152",,,,,"Mahek’s Vidhi & Haaldi, Wedding, Reception"
325,Rupesh,Patel,Rupesh Patel,,Mahek's Family Friend,Groom,Toorups7978@yahoo.com,(803) 804-2320,,,,,,"Mahek’s Vidhi & Haaldi, Wedding"
325,Kalpu,Patel,Kalpu Patel,Rupesh Patel,Mahek's Family Friend,Groom,Toorups7978@yahoo.com,(803) 804-2320,,,,,,"Mahek’s Vidhi & Haaldi, Wedding"
326,Rushik,Patel,Rushik Patel,,Mahek's Friend,Groom,candrpatel@gmail.com,(224) 795-1047,"935 E Red Oak St, Addison, Illinois 60101",,,,,"Mahek’s Vidhi & Haaldi, Wedding, Reception"
326,Chandni,Patel,Chandni Patel,Rushik Patel,Mahek's Friend,Groom,candrpatel@gmail.com,(224) 795-1047,"935 E Red Oak St, Addison, Illinois 60101",,,,,"Mahek’s Vidhi & Haaldi, Wedding, Reception"
327,Sachin,Patel,Sachin Patel,,Saumya's Family,Bride,,,Massachusetts,,,,,"Saumya's Vidhi & Haaldi, Wedding, Reception"
327,Sachin,Guest 1 Patel,Sachin Guest 1 Patel,Sachin Patel,Saumya's Family,Bride,,,Massachusetts,,,,,"Saumya's Vidhi & Haaldi, Wedding, Reception"
328,Sagar,Patel,Sagar Patel,,Mahek's Friend,Groom,sagarpatel343@gmail.com,(704) 369-6314,"133 West 22Nd Street, New York, New York 10011",,,,,"Mahek’s Vidhi & Haaldi, Wedding, Reception"
328,Komal,Patel,Komal Patel,Sagar Patel,Mahek's Friend,Groom,sagarpatel343@gmail.com,(704) 369-6314,"133 West 22Nd Street, New York, New York 10011",,,,,"Mahek’s Vidhi & Haaldi, Wedding, Reception"
329,Sagar,Patel,Sagar Patel,,Mahek's Friend,Groom,Sagarjp1@gmail.com,(704) 207-9209,"2105 Capricorn Ave, Indian Trail, North Carolina 28079",,,,,"Mahek’s Vidhi & Haaldi, Wedding, Reception"
329,Karishma,Patel,Karishma Patel,Sagar Patel,Mahek's Friend,Groom,Sagarjp1@gmail.com,(704) 207-9209,"2105 Capricorn Ave, Indian Trail, North Carolina 28079",,,,,"Mahek’s Vidhi & Haaldi, Wedding, Reception"
330,Samir,Patel,Samir Patel,,Mahek's Family,Groom,sspatel555@gmail.com,(317) 771-3305,"7793 Fairwood Blvd, Plainfield, Indiana 46168",,,,,"Mahek’s Vidhi & Haaldi, Wedding, Reception"
330,Sonal,Patel,Sonal Patel,Samir Patel,Mahek's Family,Groom,sspatel555@gmail.com,(317) 771-3305,"7793 Fairwood Blvd, Plainfield, Indiana 46168",,,,,"Mahek’s Vidhi & Haaldi, Wedding, Reception"
331,Sandip,Patel,Sandip Patel,,Saumya's Family,Bride,,,Massachusetts,,,,,"Saumya's Vidhi & Haaldi, Wedding, Reception"
331,Rupal,Patel,Rupal Patel,Sandip Patel,Saumya's Family,Bride,,,Massachusetts,,,,,"Saumya's Vidhi & Haaldi, Wedding, Reception"
332,Sandip,Patel,Sandip Patel,,Mahek's Wedding Party,Groom,sandipno1@yahoo.com,(864) 316-8394,"1752 Unison Dr, Charlotte, North Carolina 28262",,,,,"Mahek’s Vidhi & Haaldi, Wedding, Reception"
332,Dipti,Patel,Dipti Patel,Sandip Patel,Mahek's Wedding Party,Groom,sandipno1@yahoo.com,(864) 316-8394,"1752 Unison Dr, Charlotte, North Carolina 28262",,,,,"Mahek’s Vidhi & Haaldi, Wedding, Reception"
333,Sanjay,Patel,Sanjay Patel,,Saumya's Family,Bride,,,,,,,,"Saumya's Vidhi & Haaldi, Wedding, Reception"
333,Saroj,Patel,Saroj Patel,Sanjay Patel,Saumya's Family,Bride,,,,,,,,"Saumya's Vidhi & Haaldi, Wedding, Reception"
334,Sanjay,Patel,Sanjay Patel,,Mahek's Family,Groom,,(256) 682-7121,"1900 Blackridge Road, Hoover, Alabama 35244",,,,,"Mahek’s Vidhi & Haaldi, Wedding, Reception"
334,Panna,Patel,Panna Patel,Sanjay Patel,Mahek's Family,Groom,,(256) 682-7121,"1900 Blackridge Road, Hoover, Alabama 35244",,,,,"Mahek’s Vidhi & Haaldi, Wedding, Reception"
335,Sanjeet,Patel,Sanjeet Patel,,Mahek's Friend,Groom,sanjeetpatel@gmail.com,(704) 287-4366,"9417 Sir Huon Lane, Waxhaw, North Carolina 28173",,,,,"Mahek’s Vidhi & Haaldi, Wedding, Reception"
335,Jayna,Patel,Jayna Patel,Sanjeet Patel,Mahek's Friend,Groom,sanjeetpatel@gmail.com,(704) 287-4366,"9417 Sir Huon Lane, Waxhaw, North Carolina 28173",,,,,"Mahek’s Vidhi & Haaldi, Wedding, Reception"
336,Sarika,Patel,Sarika Patel,,Mahek's Friend,Groom,Sarikap428@gmail.com,(732) 986-7159,"117 Sundance Drive, Hamilton, New Jersey 08619",,,,,"Mahek’s Vidhi & Haaldi, Wedding, Reception"
336,Jaymin,Patel,Jaymin Patel,Sarika Patel,Mahek's Friend,Groom,Sarikap428@gmail.com,(732) 986-7159,"117 Sundance Drive, Hamilton, New Jersey 08619",,,,,"Mahek’s Vidhi & Haaldi, Wedding, Reception"
337,Saumil,Patel,Saumil Patel,,Saumya's Family,Bride,saumil_patel1111@gmail.com,(306) 209-9426,Calgiry,,,,,"Saumya's Vidhi & Haaldi, Wedding, Reception"
337,Akta,Patel,Akta Patel,Saumil Patel,Saumya's Family,Bride,saumil_patel1111@gmail.com,(306) 209-9426,Calgiry,,,,,"Saumya's Vidhi & Haaldi, Wedding, Reception"
338,Saumya,Patel,Saumya Patel,,Saumya's Family,Bride,,,,,,,,"Saumya's Vidhi & Haaldi, Wedding, Reception"
339,Shanabhai,Patel,Shanabhai Patel,,Saumya's Family,Bride,,,"Saumya home, Virginia",,,,,"Saumya's Vidhi & Haaldi, Wedding, Reception"
340,Sharad,Patel,Sharad Patel,,Mahek's Friend,Groom,,(828) 638-3072,,,,,,"Mahek’s Vidhi & Haaldi, Wedding, Reception"
340,Kruti,Patel,Kruti Patel,Sharad Patel,Mahek's Friend,Groom,,(828) 638-3072,,,,,,"Mahek’s Vidhi & Haaldi, Wedding, Reception"
341,Sharad,Patel,Sharad Patel,,Mahek's Friend,Groom,,(347) 409-1110,"48 Brooktree Rd, East Windsor, New Jersey 08520",,,,,"Mahek’s Vidhi & Haaldi, Wedding, Reception"
342,Shiv,Patel,Shiv Patel,,Saumya's Family,Bride,shivpatel0806@gmail.com,,,,,,,"Saumya's Vidhi & Haaldi, Wedding, Reception"
343,Shivam,Patel,Shivam Patel,,Mahek's Friend,Groom,shivamptl@gmail.com,(408) 310-2365,"405 Cecil Ave, Delano, California 93215",,,,,"Mahek’s Vidhi & Haaldi, Wedding, Reception"
344,Shivang,Patel,Shivang Patel,,Mahek's Friend,Groom,shivang07@gmail.com,(828) 406-0373,"1317 Hemby Place Dr, Weddington, North Carolina 28104",,,,,"Mahek’s Vidhi & Haaldi, Wedding, Reception"
344,Sonali,Patel,Sonali Patel,Shivang Patel,Mahek's Friend,Groom,shivang07@gmail.com,(828) 406-0373,"1317 Hemby Place Dr, Weddington, North Carolina 28104",,,,,"Mahek’s Vidhi & Haaldi, Wedding, Reception"
345,Shriya,Patel,Shriya Patel,,Saumya's Family,Bride,shriyapatel0509@gmail.com,,,,,,,"Saumya's Vidhi & Haaldi, Wedding, Reception"
346,Shyam,Patel,Shyam Patel,,Mahek's Friend,Groom,spatel7407@gmail.com,(704) 351-4342,"354 Ballast Pt, Clayton, North Carolina 27520",,,,,"Mahek’s Vidhi & Haaldi, Wedding, Reception"
346,Niyati,Patel,Niyati Patel,Shyam Patel,Mahek's Friend,Groom,spatel7407@gmail.com,(704) 351-4342,"354 Ballast Pt, Clayton, North Carolina 27520",,,,,"Mahek’s Vidhi & Haaldi, Wedding, Reception"
347,Siddharth,Patel,Siddharth Patel,,Saumya's Family,Bride,,,,,,,,"Saumya's Vidhi & Haaldi, Wedding, Reception"
347,Bharvee,Patel,Bharvee Patel,Siddharth Patel,Saumya's Family,Bride,,,,,,,,"Saumya's Vidhi & Haaldi, Wedding, Reception"
348,Snehal,Patel,Snehal Patel,,Saumya's Family,Bride,,,,,,,,"Saumya's Vidhi & Haaldi, Wedding, Reception"
348,Tarak,Patel,Tarak Patel,Snehal Patel,Saumya's Family,Bride,,,,,,,,"Saumya's Vidhi & Haaldi, Wedding, Reception"
349,Sonalben,Patel,Sonalben Patel,,Saumya's Family Friend,Bride,,,California,,,,,"Saumya's Vidhi & Haaldi, Wedding, Reception"
349,Dharmeshbhai,Patel,Dharmeshbhai Patel,Sonalben Patel,Saumya's Family Friend,Bride,,,California,,,,,"Saumya's Vidhi & Haaldi, Wedding, Reception"
350,Sudeep,Patel,Sudeep Patel,,Mahek's Family,Groom,dhruvipatel89@gmail.com,(404) 831-3521,"5841, La chateau pl, Tucker, Georgia 30084",,,,,"Mahek’s Vidhi & Haaldi, Wedding, Reception"
350,Dhruvi,Patel,Dhruvi Patel,Sudeep Patel,Mahek's Family,Groom,dhruvipatel89@gmail.com,(404) 831-3521,"5841, La chateau pl, Tucker, Georgia 30084",,,,,"Mahek’s Vidhi & Haaldi, Wedding, Reception"
351,Sunny,Patel,Sunny Patel,,Mahek's Friend,Groom,sunnyatlanta@gmail.com,(404) 721-5384,"6405 Grand Magnolia Drive, Sugar Hill, Georgia 30518",,,,,"Mahek’s Vidhi & Haaldi, Wedding, Reception"
352,Sunraj,Patel,Sunraj Patel,,Mahek's Friend,Groom,desai326@gmail.com,(336) 601-5749,"7605 Sterlingshire Dr, Greensboro, North Carolina 27409",,,,,"Mahek’s Vidhi & Haaldi, Wedding, Reception"
352,Poonam,Patel,Poonam Patel,Sunraj Patel,Mahek's Friend,Groom,desai326@gmail.com,(336) 601-5749,"7605 Sterlingshire Dr, Greensboro, North Carolina 27409",,,,,"Mahek’s Vidhi & Haaldi, Wedding, Reception"
353,Suraj,Patel,Suraj Patel,,Saumya's Family Friend,Bride,,,Michigan,,,,,"Saumya's Vidhi & Haaldi, Wedding"
354,Suryakantbhai,Patel,Suryakantbhai Patel,,Mahek's Family Friend,Groom,,,"599 Cranborne Chase, Fort Mill, South Carolina 29708",,,,,"Mahek’s Vidhi & Haaldi, Wedding"
354,Meenaben,Patel,Meenaben Patel,Suryakantbhai Patel,Mahek's Family Friend,Groom,,,"599 Cranborne Chase, Fort Mill, South Carolina 29708",,,,,"Mahek’s Vidhi & Haaldi, Wedding"
355,Swati,Patel,Swati Patel,,Mahek's Friend,Groom,swati1x31@gmail.com,(828) 216-0106,"153 Marron Drive, Indian Trail, North Carolina 28079",,,,,"Mahek’s Vidhi & Haaldi, Wedding, Reception"
356,Tarak,Patel,Tarak Patel,,Mahek's Family Friend,Groom,,,,,,,,"Mahek’s Vidhi & Haaldi, Wedding"
356,Rajeshri,Patel,Rajeshri Patel,Tarak Patel,Mahek's Family Friend,Groom,,,,,,,,"Mahek’s Vidhi & Haaldi, Wedding"
357,Tejas,Patel,Tejas Patel,,Mahek's Friend,Groom,t6patel@gmail.com,(704) 649-5122,"7903 Hereford St, Charlotte, North Carolina 28213",,,,,"Mahek’s Vidhi & Haaldi, Wedding, Reception"
357,Jaina,Patel,Jaina Patel,Tejas Patel,Mahek's Friend,Groom,t6patel@gmail.com,(704) 649-5122,"7903 Hereford St, Charlotte, North Carolina 28213",,,,,"Mahek’s Vidhi & Haaldi, Wedding, Reception"
358,Tilak,Patel,Tilak Patel,,Mahek's Wedding Party,Groom,tilakpatel95@gmail.com,(704) 773-5141,"8347 Marigold Pl, Harrisburg, North Carolina 28075",,,,,"Mahek’s Vidhi & Haaldi, Wedding, Reception"
358,Dhruvi,Patel,Dhruvi Patel,Tilak Patel,Mahek's Wedding Party,Groom,tilakpatel95@gmail.com,(704) 773-5141,"8347 Marigold Pl, Harrisburg, North Carolina 28075",,,,,"Mahek’s Vidhi & Haaldi, Wedding, Reception"
359,Tushar,Patel,Tushar Patel,,Mahek's Family Friend,Groom,tushar.c.patel58@gmail.com,(336) 302-3114,,,,,,"Mahek’s Vidhi & Haaldi, Wedding"
359,Varsha,Patel,Varsha Patel,Tushar Patel,Mahek's Family Friend,Groom,tushar.c.patel58@gmail.com,(336) 302-3114,,,,,,"Mahek’s Vidhi & Haaldi, Wedding"
360,Uday,Patel,Uday Patel,,Mahek's Wedding Party,Groom,uday00@gmail.com,(336) 493-3821,"935 E Redoak St, Addison, Illinois 60101",,,,,"Mahek’s Vidhi & Haaldi, Wedding, Reception"
361,Upal,Patel,Upal Patel,,Mahek's Friend,Groom,patelupal98@gmail.com,(562) 884-1181,"12519 Dunloe Wood Dr, Huntersville, North Carolina 28078",,,,,"Mahek’s Vidhi & Haaldi, Wedding, Reception"
361,Preksha,Patel,Preksha Patel,Upal Patel,Mahek's Friend,Groom,patelupal98@gmail.com,(562) 884-1181,"12519 Dunloe Wood Dr, Huntersville, North Carolina 28078",,,,,"Mahek’s Vidhi & Haaldi, Wedding, Reception"
362,Upen,Patel,Upen Patel,,Mahek's Family Friend,Groom,,,,,,,,"Mahek’s Vidhi & Haaldi, Wedding"
362,Manisha,Patel,Manisha Patel,Upen Patel,Mahek's Family Friend,Groom,,,,,,,,"Mahek’s Vidhi & Haaldi, Wedding"
363,Upendra,Patel,Upendra Patel,,Saumya's Family Friend,Bride,,,"Yorktown, Virginia",,,,,Wedding
363,Kirtiben,Patel,Kirtiben Patel,Upendra Patel,Saumya's Family Friend,Bride,,,"Yorktown, Virginia",,,,,Wedding
364,Urja,Patel,Urja Patel,,Saumya's Family,Bride,patelurja88@gmail.com,(469) 704-4969,Texas,,,,,"Saumya's Vidhi & Haaldi, Wedding"
365,Urvesh,Patel,Urvesh Patel,,Mahek's Family Friend,Groom,mikipatel25@yahoo.com,(321) 549-1872,"1134 Jade Glen Dr, Charlotte, North Carolina 28262",,,,,"Mahek’s Vidhi & Haaldi, Wedding"
365,Miki,Patel,Miki Patel,Urvesh Patel,Mahek's Family Friend,Groom,mikipatel25@yahoo.com,(321) 549-1872,"1134 Jade Glen Dr, Charlotte, North Carolina 28262",,,,,"Mahek’s Vidhi & Haaldi, Wedding"
366,Vanita,Patel,Vanita Patel,,Mahek's Family Friend,Groom,Krinapurvakrina@yahoo.com,(803) 804-9544,"5052 Fenwick Ct, Lancaster, South Carolina 29720",,,,,"Mahek’s Vidhi & Haaldi, Wedding"
366,Harshad,Patel,Harshad Patel,Vanita Patel,Mahek's Family Friend,Groom,Krinapurvakrina@yahoo.com,(803) 804-9544,"5052 Fenwick Ct, Lancaster, South Carolina 29720",,,,,"Mahek’s Vidhi & Haaldi, Wedding"
367,Vansh,Patel,Vansh Patel,,Saumya's Family Friend,Bride,,,,,,,,"Saumya's Vidhi & Haaldi, Wedding, Reception"
367,Rutvi,Patel,Rutvi Patel,Vansh Patel,Saumya's Family Friend,Bride,,,,,,,,"Saumya's Vidhi & Haaldi, Wedding, Reception"
368,Velee,Patel,Velee Patel,,Saumya's Family,Bride,patelvelee@gmail.com,,,,,,,"Saumya's Vidhi & Haaldi, Wedding, Reception"
368,Kunal,Patel,Kunal Patel,Velee Patel,Saumya's Family,Bride,patelvelee@gmail.com,,,,,,,"Saumya's Vidhi & Haaldi, Wedding, Reception"
369,Vinod,Patel,Vinod Patel,,Mahek's Family Friend,Groom,rakshapatel72@msn.com,(864) 237-0561,,,,,,"Mahek’s Vidhi & Haaldi, Wedding"
369,Raksha,Patel,Raksha Patel,Vinod Patel,Mahek's Family Friend,Groom,rakshapatel72@msn.com,(864) 237-0561,,,,,,"Mahek’s Vidhi & Haaldi, Wedding"
370,Vipulbhai,Patel,Vipulbhai Patel,,Saumya's Family Friend,Bride,,,Virginia,,,,,Saumya's Vidhi & Haaldi
370,Urviben,Patel,Urviben Patel,Vipulbhai Patel,Saumya's Family Friend,Bride,,,Virginia,,,,,Saumya's Vidhi & Haaldi
371,Vishal,Patel,Vishal Patel,,Mahek's Friend,Groom,Vishalpatel116@gmail.com,(803) 804-4336,"5052 Fenwick Court, Lancaster, South Carolina 29720",,,,,"Mahek’s Vidhi & Haaldi, Wedding, Reception"
371,Riya,Patel,Riya Patel,Vishal Patel,Mahek's Friend,Groom,Vishalpatel116@gmail.com,(803) 804-4336,"5052 Fenwick Court, Lancaster, South Carolina 29720",,,,,"Mahek’s Vidhi & Haaldi, Wedding, Reception"
372,Vishnu,Patel,Vishnu Patel,,Mahek's Family Friend,Groom,,(704) 780-0915,,,,,,"Mahek’s Vidhi & Haaldi, Wedding"
372,Rita,Patel,Rita Patel,Vishnu Patel,Mahek's Family Friend,Groom,,(704) 780-0915,,,,,,"Mahek’s Vidhi & Haaldi, Wedding"
373,Vithalbhai,Patel,Vithalbhai Patel,,Saumya's Family Friend,Bride,,,"VA Beach, Virginia",,,,,Saumya's Vidhi & Haaldi
373,Ushaben,Patel,Ushaben Patel,Vithalbhai Patel,Saumya's Family Friend,Bride,,,"VA Beach, Virginia",,,,,Saumya's Vidhi & Haaldi
374,Yagnesh,Patel,Yagnesh Patel,,Mahek's Friend,Groom,yagneshpatel1@gmail.com,(704) 771-8144,"1436 W 4Th St, Charlotte, North Carolina 28208",,,,,"Mahek’s Vidhi & Haaldi, Wedding, Reception"
374,Ashlyn,Patel,Ashlyn Patel,Yagnesh Patel,Mahek's Friend,Groom,yagneshpatel1@gmail.com,(704) 771-8144,"1436 W 4Th St, Charlotte, North Carolina 28208",,,,,"Mahek’s Vidhi & Haaldi, Wedding, Reception"
375,Yagnesh,Patel,Yagnesh Patel,,Mahek's Friend,Groom,YP@patelshahlaw.com,(336) 471-4666,"2111 Green Cypress Ln, Weddington, North Carolina 28104",,,,,"Mahek’s Vidhi & Haaldi, Wedding, Reception"
375,Deepali,Patel,Deepali Patel,Yagnesh Patel,Mahek's Friend,Groom,YP@patelshahlaw.com,(336) 471-4666,"2111 Green Cypress Ln, Weddington, North Carolina 28104",,,,,"Mahek’s Vidhi & Haaldi, Wedding, Reception"
376,Yagnesh,Patel,Yagnesh Patel,,Mahek's Family Friend,Groom,yogi.abcconsultant@gmail.com,(704) 453-6537,,,,,,"Mahek’s Vidhi & Haaldi, Wedding, Reception"
376,Munni,Patel,Munni Patel,Yagnesh Patel,Mahek's Family Friend,Groom,yogi.abcconsultant@gmail.com,(704) 453-6537,,,,,,"Mahek’s Vidhi & Haaldi, Wedding, Reception"
377,Yash,Nikhil Patel,Yash Nikhil Patel,,Mahek's Family,Groom,Yashpatel1782@outlook.com,(437) 662-5733,"7977 Hackberry Trail, Niagara Falls, Ontario L2H0P1, Canada",,,,,"Mahek’s Vidhi & Haaldi, Wedding, Reception"
377,Kunj,Patel,Kunj Patel,Yash Nikhil Patel,Mahek's Family,Groom,Yashpatel1782@outlook.com,(437) 662-5733,"7977 Hackberry Trail, Niagara Falls, Ontario L2H0P1, Canada",,,,,"Mahek’s Vidhi & Haaldi, Wedding, Reception"
378,Yogesh,Patel,Yogesh Patel,,Mahek's Friend,Groom,yjpatel@gmail.com,(704) 219-2391,"7000 Joyful Noise Ln, Indian Trail, North Carolina 28079",,,,,"Mahek’s Vidhi & Haaldi, Wedding, Reception"
378,Kinjal,Patel,Kinjal Patel,Yogesh Patel,Mahek's Friend,Groom,yjpatel@gmail.com,(704) 219-2391,"7000 Joyful Noise Ln, Indian Trail, North Carolina 28079",,,,,"Mahek’s Vidhi & Haaldi, Wedding, Reception"
379,Yogesh,Patel,Yogesh Patel,,Saumya's Family Friend,Bride,,,,,,,,"Saumya's Vidhi & Haaldi, Wedding, Reception"
379,Jamini,Patel,Jamini Patel,Yogesh Patel,Saumya's Family Friend,Bride,,,,,,,,"Saumya's Vidhi & Haaldi, Wedding, Reception"
380,Yogesh,Patel,Yogesh Patel,,Saumya's Family Friend,Bride,,,"Yorktown, Virginia",,,,,Saumya's Vidhi & Haaldi
380,Shilpa,Patel,Shilpa Patel,Yogesh Patel,Saumya's Family Friend,Bride,,,"Yorktown, Virginia",,,,,Saumya's Vidhi & Haaldi
381,Yogi,Patel,Yogi Patel,,Mahek's Friend,Groom,yogipatel92@gmail.com,(256) 441-0395,"5715 Crevice Dr, Charlotte, North Carolina 28215",,,,,"Mahek’s Vidhi & Haaldi, Wedding, Reception"
382,Zeel,Patel,Zeel Patel,,Mahek's Friend,Groom,Jil31394@gmail.com,(828) 582-0233,"1946 9Th Street Pl Se, Hickory, North Carolina 28602",,,,,"Mahek’s Vidhi & Haaldi, Wedding, Reception"
382,Amaya,Patel,Amaya Patel,Zeel Patel,Mahek's Friend,Groom,Jil31394@gmail.com,(828) 582-0233,"1946 9Th Street Pl Se, Hickory, North Carolina 28602",,,,,"Mahek’s Vidhi & Haaldi, Wedding, Reception"
383,Zubin,Patel,Zubin Patel,,Saumya's Family Friend,Bride,,,,,,,,"Saumya's Vidhi & Haaldi, Wedding, Reception"
383,Shraddha,Patel,Shraddha Patel,Zubin Patel,Saumya's Family Friend,Bride,,,,,,,,"Saumya's Vidhi & Haaldi, Wedding, Reception"
384,Bhartiben,Patel (MA),Bhartiben Patel (MA),,Saumya's Family Friend,Bride,,,Massachusetts,,,,,"Saumya's Vidhi & Haaldi, Wedding, Reception"
385,Hetal,Patel (VA),Hetal Patel (VA),,Saumya's Family Friend,Bride,,,Virginia,,,,,"Saumya's Vidhi & Haaldi, Wedding"
386,Ramesh,Rajani,Ramesh Rajani,,Saumya's Family Friend,Bride,,,Virginia,,,,,"Saumya's Vidhi & Haaldi, Wedding"
386,Kiran,Rajani,Kiran Rajani,Ramesh Rajani,Saumya's Family Friend,Bride,,,Virginia,,,,,"Saumya's Vidhi & Haaldi, Wedding"
387,Kal,Ram,Kal Ram,,Mahek's Friend,Groom,Kalpeshmegha@gmail.com,(352) 408-8617,,,,,,"Mahek’s Vidhi & Haaldi, Wedding"
387,Megha,Ram,Megha Ram,Kal Ram,Mahek's Friend,Groom,Kalpeshmegha@gmail.com,(352) 408-8617,,,,,,"Mahek’s Vidhi & Haaldi, Wedding"
388,Bhavesh,Rawal,Bhavesh Rawal,,Saumya's Family Friend,Bride,bhavesh_rawal01@yahoo.com,(757) 292-1708,"Virginia Beach, Virginia",,,,,"Saumya's Vidhi & Haaldi, Wedding, Reception"
388,Kalpana,Rawal,Kalpana Rawal,Bhavesh Rawal,Saumya's Family Friend,Bride,bhavesh_rawal01@yahoo.com,(757) 292-1708,"Virginia Beach, Virginia",,,,,"Saumya's Vidhi & Haaldi, Wedding, Reception"
389,Shyamal,Satodia,Shyamal Satodia,,Mahek's Family Friend,Groom,shyamal_satodia@yahoo.com,(407) 394-8382,,,,,,"Mahek’s Vidhi & Haaldi, Wedding, Reception"
389,Shivani,Satodia,Shivani Satodia,Shyamal Satodia,Mahek's Family Friend,Groom,shyamal_satodia@yahoo.com,(407) 394-8382,,,,,,"Mahek’s Vidhi & Haaldi, Wedding, Reception"
390,Aman,Shah,Aman Shah,,Mahek's Friend,Groom,Aman23shah@gmail.com,(704) 502-5267,"2329 Central Ave, Charlotte, North Carolina 28205",,,,,"Mahek’s Vidhi & Haaldi, Wedding, Reception"
390,Sanaya,Shah,Sanaya Shah,Aman Shah,Mahek's Friend,Groom,Aman23shah@gmail.com,(704) 502-5267,"2329 Central Ave, Charlotte, North Carolina 28205",,,,,"Mahek’s Vidhi & Haaldi, Wedding, Reception"
391,Bharat,Shah,Bharat Shah,,Saumya's Family Friend,Bride,sbs1230@yahoo.com,,"Chesapeake, Virginia",,,,,Wedding
391,Sonal,Shah,Sonal Shah,Bharat Shah,Saumya's Family Friend,Bride,sbs1230@yahoo.com,,"Chesapeake, Virginia",,,,,Wedding
392,Bhavna,Shah,Bhavna Shah,,Saumya's Family Friend,Bride,,,Massachusetts,,,,,"Saumya's Vidhi & Haaldi, Wedding, Reception"
393,Dhruv,Shah,Dhruv Shah,,Mahek's Friend,Groom,dhruvshah456@icloud.com,(609) 721-3475,"52 Tennyson Rd, East Windsor, New Jersey 08520",,,,,"Mahek’s Vidhi & Haaldi, Wedding, Reception"
394,Jayneil,Shah,Jayneil Shah,,Mahek's Friend,Groom,jayneil.shah@gmail.com,(973) 234-8324,"7 Stark Dr, Robbinsville, New Jersey 08691",,,,,"Mahek’s Vidhi & Haaldi, Wedding, Reception"
394,Nisha,Shah,Nisha Shah,Jayneil Shah,Mahek's Friend,Groom,jayneil.shah@gmail.com,(973) 234-8324,"7 Stark Dr, Robbinsville, New Jersey 08691",,,,,"Mahek’s Vidhi & Haaldi, Wedding, Reception"
395,Kamlesh,Shah,Kamlesh Shah,,Saumya's Family Friend,Bride,karnaint@yahoo.com,,"Chesapeake, Virginia",,,,,Wedding
395,Margiben,Shah,Margiben Shah,Kamlesh Shah,Saumya's Family Friend,Bride,karnaint@yahoo.com,,"Chesapeake, Virginia",,,,,Wedding
396,Kashish,Shah,Kashish Shah,,Saumya's Family Friend,Bride,,,Massachusetts,,,,,"Saumya's Vidhi & Haaldi, Wedding, Reception"
396,Krushi,Shah,Krushi Shah,Kashish Shah,Saumya's Family Friend,Bride,,,Massachusetts,,,,,"Saumya's Vidhi & Haaldi, Wedding, Reception"
397,Kunali,Shah,Kunali Shah,,Mahek's Friend,Groom,Shahk0701@gmail.com,(704) 941-5980,,,,,,"Mahek’s Vidhi & Haaldi, Wedding, Reception"
397,Neil,Soni,Neil Soni,Kunali Shah,Mahek's Friend,Groom,Shahk0701@gmail.com,(704) 941-5980,,,,,,"Mahek’s Vidhi & Haaldi, Wedding, Reception"
398,Manan,Shah,Manan Shah,,Saumya's Family Friend,Bride,,,"Chesapeake, Virginia",,,,,Wedding
398,Payal,Shah,Payal Shah,Manan Shah,Saumya's Family Friend,Bride,,,"Chesapeake, Virginia",,,,,Wedding
399,Monish,Shah,Monish Shah,,Saumya's Family Friend,Bride,,,Massachusetts,,,,,"Saumya's Vidhi & Haaldi, Wedding, Reception"
399,Mona,Shah,Mona Shah,Monish Shah,Saumya's Family Friend,Bride,,,Massachusetts,,,,,"Saumya's Vidhi & Haaldi, Wedding, Reception"
400,Rajiv,Shah,Rajiv Shah,,Mahek's Wedding Party,Groom,Rajiv25r@gmail.com,(224) 247-8830,"8400 Palmetto Commerce Parkway, Apt 223, Ladson, South Carolina 29456",,,,,"Mahek’s Vidhi & Haaldi, Wedding, Reception"
401,Saiyam,Shah,Saiyam Shah,,Saumya's Family Friend,Bride,,,,,,,,"Saumya's Vidhi & Haaldi, Wedding, Reception"
401,Arpita,Shah,Arpita Shah,Saiyam Shah,Saumya's Family Friend,Bride,,,,,,,,"Saumya's Vidhi & Haaldi, Wedding, Reception"
402,Shreena,Shah,Shreena Shah,,Saumya's Wedding Party,Bride,shreena94@gmail.com,(858) 602-8793,,,,,,"Saumya's Vidhi & Haaldi, Wedding, Reception"
402,Aash,Shah,Aash Shah,Shreena Shah,Saumya's Wedding Party,Bride,shreena94@gmail.com,(858) 602-8793,,,,,,"Saumya's Vidhi & Haaldi, Wedding, Reception"
403,Nimesh,Sheth,Nimesh Sheth,,Saumya's Family Friend,Bride,,,,,,,,"Saumya's Vidhi & Haaldi, Wedding, Reception"
403,Bhavna,Sheth,Bhavna Sheth,Nimesh Sheth,Saumya's Family Friend,Bride,,,,,,,,"Saumya's Vidhi & Haaldi, Wedding, Reception"
404,Shriddhi,Sheth,Shriddhi Sheth,,Saumya's Family Friend,Bride,,,,,,,,"Saumya's Vidhi & Haaldi, Wedding, Reception"
404,Rudra,Sheth,Rudra Sheth,Shriddhi Sheth,Saumya's Family Friend,Bride,,,,,,,,"Saumya's Vidhi & Haaldi, Wedding, Reception"
405,Rashmi,Shroff,Rashmi Shroff,,Saumya's Family,Bride,,,,,,,,"Saumya's Vidhi & Haaldi, Wedding, Reception"
405,Rashmi,Guest 1 Shroff,Rashmi Guest 1 Shroff,Rashmi Shroff,Saumya's Family,Bride,,,,,,,,"Saumya's Vidhi & Haaldi, Wedding, Reception"
406,Rajiv,Shukla,Rajiv Shukla,,Saumya's Family Friend,Bride,,,,,,,,"Saumya's Vidhi & Haaldi, Wedding, Reception"
407,Jhanvi,Solanki,Jhanvi Solanki,,Saumya's Family,Bride,,,Canada,,,,,"Saumya's Vidhi & Haaldi, Wedding, Reception"
407,Ketan,Solanki,Ketan Solanki,Jhanvi Solanki,Saumya's Family,Bride,,,Canada,,,,,"Saumya's Vidhi & Haaldi, Wedding, Reception"
408,Mst,Tabassum,Mst Tabassum,,Saumya's Wedding Party,Bride,mstmushfika@gmail.com,(267) 298-0431,Florida,,,,,"Saumya's Vidhi & Haaldi, Wedding, Reception"
408,Ekramul,Gofur,Ekramul Gofur,Mst Tabassum,Saumya's Wedding Party,Bride,mstmushfika@gmail.com,(267) 298-0431,Florida,,,,,"Saumya's Vidhi & Haaldi, Wedding, Reception"
409,Alpesh,Tailor,Alpesh Tailor,,Mahek's Friend,Groom,Alpeshntailor@gmail.com,(404) 394-7643,"2397 Colby Ct, Snellville, Georgia 30078",,,,,"Mahek’s Vidhi & Haaldi, Wedding, Reception"
409,Anika,Tailor,Anika Tailor,Alpesh Tailor,Mahek's Friend,Groom,Alpeshntailor@gmail.com,(404) 394-7643,"2397 Colby Ct, Snellville, Georgia 30078",,,,,"Mahek’s Vidhi & Haaldi, Wedding, Reception"
410,Shantanu,Tank,Shantanu Tank,,Saumya's Family Friend,Bride,shantanutank@yahoo.com,(585) 267-6015,"Newport News, Virginia",,,,,"Saumya's Vidhi & Haaldi, Wedding, Reception"
410,Hema,Tank,Hema Tank,Shantanu Tank,Saumya's Family Friend,Bride,shantanutank@yahoo.com,(585) 267-6015,"Newport News, Virginia",,,,,"Saumya's Vidhi & Haaldi, Wedding, Reception"
411,Deepal,Trivedi,Deepal Trivedi,,Saumya's Family Friend,Bride,deepalpatel.312@gmail.com,,,,,,,"Saumya's Vidhi & Haaldi, Wedding"
411,Chestha,Trivedi,Chestha Trivedi,Deepal Trivedi,Saumya's Family Friend,Bride,deepalpatel.312@gmail.com,,,,,,,"Saumya's Vidhi & Haaldi, Wedding"
412,Hiren,Trivedi,Hiren Trivedi,,Saumya's Family Friend,Bride,Hirenrishi@ymail.com,,,,,,,"Saumya's Vidhi & Haaldi, Wedding, Reception"
412,Shruti,Trivedi,Shruti Trivedi,Hiren Trivedi,Saumya's Family Friend,Bride,Hirenrishi@ymail.com,,,,,,,"Saumya's Vidhi & Haaldi, Wedding, Reception"
413,Jagat,Trivedi,Jagat Trivedi,,Saumya's Family Friend,Bride,Jagat.trivedi66@gmail.com,,"Virginia Beach, Virginia",,,,,"Saumya's Vidhi & Haaldi, Wedding, Reception"
413,Meghana,Trivedi,Meghana Trivedi,Jagat Trivedi,Saumya's Family Friend,Bride,Jagat.trivedi66@gmail.com,,"Virginia Beach, Virginia",,,,,"Saumya's Vidhi & Haaldi, Wedding, Reception"
414,Jatin,Trivedi,Jatin Trivedi,,Saumya's Family Friend,Bride,,,,,,,,"Saumya's Vidhi & Haaldi, Wedding, Reception"
414,Darshana,Trivedi,Darshana Trivedi,Jatin Trivedi,Saumya's Family Friend,Bride,,,,,,,,"Saumya's Vidhi & Haaldi, Wedding, Reception"
415,Jayshree,Trivedi,Jayshree Trivedi,,Saumya's Family Friend,Bride,,,New Jersey,,,,,"Saumya's Vidhi & Haaldi, Wedding, Reception"
416,Manish,Trivedi,Manish Trivedi,,Saumya's Family Friend,Bride,Jankitrivedi2004@gmail.com,,,,,,,"Saumya's Vidhi & Haaldi, Wedding, Reception"
416,Janki,Trivedi,Janki Trivedi,Manish Trivedi,Saumya's Family Friend,Bride,Jankitrivedi2004@gmail.com,,,,,,,"Saumya's Vidhi & Haaldi, Wedding, Reception"
417,Pravindada,Trivedi,Pravindada Trivedi,,Saumya's Family Friend,Bride,,,,,,,,"Saumya's Vidhi & Haaldi, Wedding"
418,Saumya,Trivedi,Saumya Trivedi,,Saumya's Family Friend,Bride,saumyatrivedi99@gmail.com,(224) 829-7303,Virginia,,,,,"Saumya's Vidhi & Haaldi, Wedding, Reception"
418,Anisha,Beladia,Anisha Beladia,Saumya Trivedi,Saumya's Family Friend,Bride,saumyatrivedi99@gmail.com,(224) 829-7303,Virginia,,,,,"Saumya's Vidhi & Haaldi, Wedding, Reception"
419,Anthony,Turner,Anthony Turner,,Saumya's Family Friend,Bride,,,,,,,,Wedding
420,Purshottam,Vachani,Purshottam Vachani,,Saumya's Family Friend,Bride,,,"Chesapeake, Virginia",,,,,Wedding
420,Niruben,Vachani,Niruben Vachani,Purshottam Vachani,Saumya's Family Friend,Bride,,,"Chesapeake, Virginia",,,,,Wedding
421,Vikram,Vaid,Vikram Vaid,,Saumya's Family Friend,Bride,,,,,,,,"Saumya's Vidhi & Haaldi, Wedding, Reception"
421,Anjuben,Vaid,Anjuben Vaid,Vikram Vaid,Saumya's Family Friend,Bride,,,,,,,,"Saumya's Vidhi & Haaldi, Wedding, Reception"
422,Deep,VB Patel,Deep VB Patel,,Mahek's Friend,Groom,Deeppatel1385@gmail.com,(757) 803-2007,"206 Lexington ct, Yorktown, Virginia 23693",,,,,"Mahek’s Vidhi & Haaldi, Wedding, Reception"
423,Meghana,Vidiyala,Meghana Vidiyala,,Saumya's Wedding Party,Bride,meghanavidiyala@yahoo.com,(732) 841-1787,"Brookville, New York",,,,,"Saumya's Vidhi & Haaldi, Wedding, Reception"
423,Ujwal,Pakala,Ujwal Pakala,Meghana Vidiyala,Saumya's Wedding Party,Bride,meghanavidiyala@yahoo.com,(732) 841-1787,"Brookville, New York",,,,,"Saumya's Vidhi & Haaldi, Wedding, Reception"
424,Heena,Viyulie,Heena Viyulie,,Saumya's Family Friend,Bride,Heenadevika@yahoo.com,,,,,,,"Saumya's Vidhi & Haaldi, Wedding"
424,Devika,Viyulie,Devika Viyulie,Heena Viyulie,Saumya's Family Friend,Bride,Heenadevika@yahoo.com,,,,,,,"Saumya's Vidhi & Haaldi, Wedding"
425,Bhadresh,Yadav,Bhadresh Yadav,,Mahek's Friend,Groom,bhadresh.yadav@gmail.com,(408) 896-5636,"2120 Bailey Pl, Santa Clara, California 95050",,,,,"Mahek’s Vidhi & Haaldi, Wedding, Reception"
426,Kamalya,Yusufov,Kamalya Yusufov,,Saumya's Friend,Bride,,(757) 534-8756,,,,,,"Saumya's Vidhi & Haaldi, Wedding"
426,Samuel,Yusufov,Samuel Yusufov,Kamalya Yusufov,Saumya's Friend,Bride,,(757) 534-8756,,,,,,"Saumya's Vidhi & Haaldi, Wedding"
